logical_game_name,alias,normalized_alias,source,confidence
Ace Combat 04: Shattered Skies,Ace Combat 04: Shattered Skies,acecombat04shatteredskies,csv_source,high
Ace Combat 04: Shattered Skies,AC04,ac04,igdb_alias_or_localization,high
Ace Combat 04: Shattered Skies,Ace Combat 4,acecombat4,igdb_alias_or_localization,high
Ace Combat 04: Shattered Skies,Ace Combat: Distant Thunder,acecombatdistantthunder,igdb_alias_or_localization,high
Ace Combat 04: Shattered Skies,エースコンバット04 シャッタードスカイ,エースコンバット04シャッタードスカイ,igdb_alias_or_localization,high
Ace Combat 5: The Unsung War,Ace Combat 5: The Unsung War,acecombat5theunsungwar,csv_source,high
Ace Combat 5: The Unsung War,AC5 ,ac5,igdb_alias_or_localization,high
Ace Combat 5: The Unsung War,Ace Combat: Squadron Leader,acecombatsquadronleader,igdb_alias_or_localization,high
Ace Combat 5: The Unsung War,エースコンバット 5: ジ・アンサング・ウォー,エースコンバット5ジ・アンサング・ウォー,igdb_alias_or_localization,high
Ace Combat 7: Skies Unknown,Ace Combat 7: Skies Unknown,acecombat7skiesunknown,csv_source,high
Ace Combat 7: Skies Unknown,AC7,ac7,igdb_alias_or_localization,high
Ace Combat 7: Skies Unknown,Ace Combat 7,acecombat7,igdb_alias_or_localization,high
Ace Combat 7: Skies Unknown,エースコンバット 7：スカイズ・アンノウン,エースコンバット7スカイズ・アンノウン,igdb_alias_or_localization,high
Ace Combat Zero: The Belkan War,Ace Combat Zero: The Belkan War,acecombatzerothebelkanwar,csv_source,high
Ace Combat Zero: The Belkan War,ACZ,acz,igdb_alias_or_localization,high
Ace Combat Zero: The Belkan War,Ace Combat: The Belkan War,acecombatthebelkanwar,igdb_alias_or_localization,high
Ace Combat Zero: The Belkan War,エースコンバット・ゼロ：ザ・ベルカン・ウォ,エースコンバット・ゼロザ・ベルカン・ウォ,igdb_alias_or_localization,high
Animal Crossing,Animal Crossing,animalcrossing,csv_source,high
Animal Crossing,Animal Crossing Population: Growing,animalcrossingpopulationgrowing,igdb_alias_or_localization,high
Animal Crossing: New Horizons,Animal Crossing: New Horizons,animalcrossingnewhorizons,csv_source,high
Animal Crossing: New Horizons,ACNH,acnh,igdb_alias_or_localization,high
Animal Crossing: New Horizons,Gather Animal Forest,gatheranimalforest,igdb_alias_or_localization,high
Animal Crossing: New Horizons,Atsumare Doubutsu no Mori,atsumaredoubutsunomori,igdb_alias_or_localization,high
Animal Crossing: New Horizons,Moyeobwayo Dongmul-ui Sup,moyeobwayodongmuluisup,igdb_alias_or_localization,high
Animal Crossing: New Horizons,"Get Together, Animal Forest",gettogetheranimalforest,igdb_alias_or_localization,high
Animal Crossing: New Horizons,集合啦！动物森友会,集合啦动物森友会,igdb_alias_or_localization,high
Animal Crossing: New Horizons,集合啦！動物森友會！,集合啦動物森友會,igdb_alias_or_localization,high
Animal Crossing: New Horizons,あつまれ どうぶつの森,あつまれどうぶつの森,igdb_alias_or_localization,high
Animal Crossing: New Leaf,Animal Crossing: New Leaf,animalcrossingnewleaf,csv_source,high
Animal Crossing: New Leaf,Tobidase Doubutsu no Mori,tobidasedoubutsunomori,igdb_alias_or_localization,high
Animal Crossing: New Leaf,ACNL,acnl,igdb_alias_or_localization,high
Animal Crossing: New Leaf,Animal Crossing 3DS,animalcrossing3ds,igdb_alias_or_localization,high
Animal Crossing: New Leaf,Animal Forest: Jump Out,animalforestjumpout,igdb_alias_or_localization,high
Animal Crossing: New Leaf,Twieonawayo Dongmul-ui Sup,twieonawayodongmuluisup,igdb_alias_or_localization,high
Animal Crossing: New Leaf,"Come Out, Animal Forest",comeoutanimalforest,igdb_alias_or_localization,high
Animal Crossing: New Leaf,とびだせ どうぶつの森,とびだせどうぶつの森,igdb_alias_or_localization,high
Arknights,Arknights,arknights,csv_source,high
Arknights,明日方舟,明日方舟,igdb_alias_or_localization,high
Arknights,アークナイツ,アークナイツ,igdb_alias_or_localization,high
Armored Core VI: Fires of Rubicon,Armored Core VI: Fires of Rubicon,armoredcorevifiresofrubicon,csv_source,high
Armored Core VI: Fires of Rubicon,AC6,ac6,igdb_alias_or_localization,high
Armored Core VI: Fires of Rubicon,Armored Core 6,armoredcore6,igdb_alias_or_localization,high
Armored Core VI: Fires of Rubicon,Armoured Core 6,armouredcore6,igdb_alias_or_localization,high
Armored Core VI: Fires of Rubicon,Armoured Core VI,armouredcorevi,igdb_alias_or_localization,high
Armored Core VI: Fires of Rubicon,アーマード・コア VI ファイアーズ・オブ・ルビコン,アーマード・コアviファイアーズ・オブ・ルビコン,igdb_alias_or_localization,high
Armored Core: For Answer,Armored Core: For Answer,armoredcoreforanswer,csv_source,high
Armored Core: For Answer,Armored Core: 4A,armoredcore4a,igdb_alias_or_localization,high
Armored Core: For Answer,Armoured Core: For Answer,armouredcoreforanswer,igdb_alias_or_localization,high
Armored Core: For Answer,アーマード・コア フォーアンサー,アーマード・コアフォーアンサー,igdb_alias_or_localization,high
Armored Core: Verdict Day,Armored Core: Verdict Day,armoredcoreverdictday,csv_source,high
Armored Core: Verdict Day,Āmādo Koa Vādikuto Dei,amadokoavadikutodei,igdb_alias_or_localization,high
Armored Core: Verdict Day,アーマード・コア ヴァーディクトデイ,アーマード・コアヴァーディクトデイ,igdb_alias_or_localization,high
Astro Bot,ASTRO BOT,astrobot,csv_source,high
Atelier Ryza 2: Lost Legends & the Secret Fairy,Atelier Ryza 2: Lost Legends & the Secret Fairy,atelierryza2lostlegendsthesecretfairy,csv_source,high
Atelier Ryza 2: Lost Legends & the Secret Fairy,莱莎的炼金工房２ ～失落传说与秘密妖精～,莱莎的炼金工房2失落传说与秘密妖精,igdb_alias_or_localization,high
Atelier Ryza 2: Lost Legends & the Secret Fairy,萊莎的鍊金工房２ ～失落傳說與秘密妖精～,萊莎的鍊金工房2失落傳說與秘密妖精,igdb_alias_or_localization,high
Atelier Ryza 2: Lost Legends & the Secret Fairy,Atelier Ryza 2,atelierryza2,igdb_alias_or_localization,high
Atelier Ryza 2: Lost Legends & the Secret Fairy,ライザのアトリエ 2 失われた伝承と秘密の妖精,ライザのアトリエ2失われた伝承と秘密の妖精,igdb_alias_or_localization,high
Atelier Ryza: Ever Darkness & the Secret Hideout,Atelier Ryza: Ever Darkness & the Secret Hideout,atelierryzaeverdarknessthesecrethideout,csv_source,high
Atelier Ryza: Ever Darkness & the Secret Hideout,萊莎的鍊金工房～常闇女王與秘密藏身處～,萊莎的鍊金工房常闇女王與秘密藏身處,igdb_alias_or_localization,high
Atelier Ryza: Ever Darkness & the Secret Hideout,ライザのアトリエ ～常闇の女王と秘密の隠れ家～,ライザのアトリエ常闇の女王と秘密の隠れ家,igdb_alias_or_localization,high
Atelier Ryza: Ever Darkness & the Secret Hideout,Atelier Ryza: Ever Darkness and the Secret Hideout,atelierryzaeverdarknessandthesecrethideout,igdb_alias_or_localization,high
Atelier Ryza: Ever Darkness & the Secret Hideout,Atelier Ryza,atelierryza,igdb_alias_or_localization,high
Atelier Sophie: The Alchemist of the Mysterious Book,Atelier Sophie: The Alchemist of the Mysterious Book,ateliersophiethealchemistofthemysteriousbook,csv_source,high
Atelier Sophie: The Alchemist of the Mysterious Book,Sophie no Atelier: Fushigi na Hon no Renkinjutsushi,sophienoatelierfushiginahonnorenkinjutsushi,igdb_alias_or_localization,high
Atelier Sophie: The Alchemist of the Mysterious Book,ソフィーのアトリエ 不思議な本の錬金術士,ソフィーのアトリエ不思議な本の錬金術士,igdb_alias_or_localization,high
Atelier Yumia: The Alchemist of Memories & the Envisioned Land,Atelier Yumia: The Alchemist of Memories & the Envisioned Land,atelieryumiathealchemistofmemoriestheenvisionedland,csv_source,high
Atelier Yumia: The Alchemist of Memories & the Envisioned Land,ユミアのアトリエ ～追憶の錬金術士と幻創の地～,ユミアのアトリエ追憶の錬金術士と幻創の地,igdb_alias_or_localization,high
Atelier Yumia: The Alchemist of Memories & the Envisioned Land,Atelier Yumia : L’Alchimiste des Souvenirs et la Terre Rêvée,atelieryumialalchimistedessouvenirsetlaterrerevee,igdb_alias_or_localization,high
Atelier Yumia: The Alchemist of Memories & the Envisioned Land,Atelier Yumia: Die Alchemistin der Erinnerungen und das erträumte Land,atelieryumiadiealchemistindererinnerungenunddasertraumteland,igdb_alias_or_localization,high
Baldur's Gate III,Baldur's Gate 3,baldursgate3,csv_source,high
Baldur's Gate III,Baldur's Gate III,baldursgateiii,logical_name,high
Baldur's Gate III,BG3,bg3,igdb_alias_or_localization,high
Baldur's Gate III,BGIII,bgiii,igdb_alias_or_localization,high
Baldur's Gate III,Launcher\LariLauncher.exe,launcherlarilauncherexe,igdb_alias_or_localization,high
Baldur's Gate III,バルダーズ・ゲート3,バルダーズ・ゲート3,igdb_alias_or_localization,high
Baldur's Gate III,バルダーズ・ゲートiii,バルダーズ・ゲートiii,igdb_alias_or_localization,high
BanG Dream! Girls Band Party!,BanG Dream! Girls Band Party!,bangdreamgirlsbandparty,csv_source,high
BanG Dream! Girls Band Party!,BanG Dream!,bangdream,igdb_alias_or_localization,high
BanG Dream! Girls Band Party!,Bang Dream! 少女樂團派對!,bangdream少女樂團派對,igdb_alias_or_localization,high
BanG Dream! Girls Band Party!,BanG Dream! 少女乐团派对!,bangdream少女乐团派对,igdb_alias_or_localization,high
BanG Dream! Girls Band Party!,Bandori GBP,bandorigbp,igdb_alias_or_localization,high
BanG Dream! Girls Band Party!,Bandori,bandori,igdb_alias_or_localization,high
BanG Dream! Girls Band Party!,バンドリ,バンドリ,igdb_alias_or_localization,high
BanG Dream! Girls Band Party!,Garupa,garupa,igdb_alias_or_localization,high
BanG Dream! Girls Band Party!,バンドリ! ガールズバンドパーティ!,バンドリガールズバンドパーティ,igdb_alias_or_localization,high
Beatmania IIDX,beatmania IIDX,beatmaniaiidx,csv_source,high
Beatmania IIDX,IIDX,iidx,igdb_alias_or_localization,high
Bloodborne,Bloodborne,bloodborne,csv_source,high
Bloodborne,Project Beast,projectbeast,igdb_alias_or_localization,high
Bloodborne,血源诅咒,血源诅咒,igdb_alias_or_localization,high
Bloodborne,ブラッドボーン,ブラッドボーン,igdb_alias_or_localization,high
Blue Archive,Blue Archive,bluearchive,csv_source,high
Blue Archive,Project MX,projectmx,igdb_alias_or_localization,high
Blue Archive,BlueArchive.exe,bluearchiveexe,igdb_alias_or_localization,high
Blue Archive,ブルーアーカイブ,ブルーアーカイブ,igdb_alias_or_localization,high
Bravely Default,Bravely Default,bravelydefault,csv_source,high
Bravely Default,Bravely Default: Where the Fairy Flies,bravelydefaultwherethefairyflies,igdb_alias_or_localization,high
Bravely Default,Bravely Default: For the Sequel,bravelydefaultforthesequel,igdb_alias_or_localization,high
Bravely Default,ブレイブリーデフォルト フォーザ・シークウェル,ブレイブリーデフォルトフォーザ・シークウェル,igdb_alias_or_localization,high
Bravely Second: End Layer,Bravely Second: End Layer,bravelysecondendlayer,csv_source,high
Castlevania III: Dracula's Curse,Castlevania III: Dracula's Curse,castlevaniaiiidraculascurse,csv_source,high
Castlevania III: Dracula's Curse,Devil's Castle Legend,devilscastlelegend,igdb_alias_or_localization,high
Castlevania III: Dracula's Curse,Akumajou Densetsu,akumajoudensetsu,igdb_alias_or_localization,high
Castlevania III: Dracula's Curse,Castlevania 3: Dracula's Curse,castlevania3draculascurse,igdb_alias_or_localization,high
Castlevania III: Dracula's Curse,Castlevania III,castlevaniaiii,igdb_alias_or_localization,high
Castlevania III: Dracula's Curse,Castlevania 3,castlevania3,igdb_alias_or_localization,high
Castlevania III: Dracula's Curse,悪魔城伝説,悪魔城伝説,igdb_alias_or_localization,high
Castlevania: Aria of Sorrow,Castlevania: Aria of Sorrow,castlevaniaariaofsorrow,csv_source,medium
Castlevania: Aria of Sorrow,Castlevania: Minuet of Dawn,castlevaniaminuetofdawn,igdb_alias_or_localization,medium
Castlevania: Aria of Sorrow,Castlevania: Akatsuki no Menuett,castlevaniaakatsukinomenuett,igdb_alias_or_localization,medium
Castlevania: Aria of Sorrow,恶魔城 晓月圆舞曲,恶魔城晓月圆舞曲,igdb_alias_or_localization,medium
Castlevania: Aria of Sorrow,Castlevania: Akatsuki no Enbukyoku,castlevaniaakatsukinoenbukyoku,igdb_alias_or_localization,medium
Castlevania: Aria of Sorrow,キャッスルヴァニア ～暁月の円舞曲～,キャッスルヴァニア暁月の円舞曲,igdb_alias_or_localization,medium
Castlevania: Symphony of the Night,Castlevania: Symphony of the Night,castlevaniasymphonyofthenight,csv_source,medium
Castlevania: Symphony of the Night,Devil's Castle Dracula X: Nocturne in the Moonlight,devilscastledraculaxnocturneinthemoonlight,igdb_alias_or_localization,medium
Castlevania: Symphony of the Night,SotN,sotn,igdb_alias_or_localization,medium
Castlevania: Symphony of the Night,Castlevania: SotN,castlevaniasotn,igdb_alias_or_localization,medium
Castlevania: Symphony of the Night,Akumajou Dracula X: Gekka no Yasoukyoku,akumajoudraculaxgekkanoyasoukyoku,igdb_alias_or_localization,medium
Castlevania: Symphony of the Night,Symphony of the Night,symphonyofthenight,igdb_alias_or_localization,medium
Castlevania: Symphony of the Night,悪魔城ドラキュラX 月下の夜想曲,悪魔城ドラキュラx月下の夜想曲,igdb_alias_or_localization,medium
Celeste,Celeste,celeste,csv_source,high
Celeste,蔚蓝,蔚蓝,igdb_alias_or_localization,high
Celeste,Celeste.exe,celesteexe,igdb_alias_or_localization,high
Chrono Cross,Chrono Cross,chronocross,csv_source,medium
Chrono Cross,Project Kid,projectkid,igdb_alias_or_localization,medium
Chrono Cross,Chrono 2,chrono2,igdb_alias_or_localization,medium
Chrono Cross,クロノ・クロス,クロノ・クロス,igdb_alias_or_localization,medium
Chrono Trigger,Chrono Trigger,chronotrigger,csv_source,medium
Chrono Trigger,CT,ct,igdb_alias_or_localization,medium
Chrono Trigger,クロノ・トリガー,クロノ・トリガー,igdb_alias_or_localization,medium
Chunithm,CHUNITHM,chunithm,csv_source,medium
Chunithm,CHUNITHM 1,chunithm1,igdb_alias_or_localization,medium
Chunithm,チュウニズム,チュウニズム,igdb_alias_or_localization,medium
Clair Obscur: Expedition 33,Clair Obscur: Expedition 33,clairobscurexpedition33,csv_source,high
Clair Obscur: Expedition 33,光与影：33号远征队,光与影33号远征队,igdb_alias_or_localization,high
Clair Obscur: Expedition 33,光與影：33號遠征隊,光與影33號遠征隊,igdb_alias_or_localization,high
Clair Obscur: Expedition 33,클레르 옵스퀴르: 33 원정대,33,igdb_alias_or_localization,high
Clair Obscur: Expedition 33,クレールオブスキュール エクスペディション33,クレールオブスキュールエクスペディション33,igdb_alias_or_localization,high
Cuphead,Cuphead,cuphead,csv_source,medium
Cuphead,茶杯头,茶杯头,igdb_alias_or_localization,medium
Cuphead,Cuphead.exe,cupheadexe,igdb_alias_or_localization,medium
Cuphead,カップヘッド,カップヘッド,igdb_alias_or_localization,medium
Cyberpunk 2077,Cyberpunk 2077,cyberpunk2077,csv_source,high
Cyberpunk 2077,赛博朋克2077,赛博朋克2077,igdb_alias_or_localization,high
Cyberpunk 2077,電馭叛客2077,電馭叛客2077,igdb_alias_or_localization,high
Cyberpunk 2077,Киберпанк 2077,2077,igdb_alias_or_localization,high
Cyberpunk 2077,サイバーパンク2077,サイバーパンク2077,igdb_alias_or_localization,high
Dark Souls,Dark Souls,darksouls,csv_source,high
Dark Souls,Project Dark,projectdark,igdb_alias_or_localization,high
Dark Souls,黑暗之魂,黑暗之魂,igdb_alias_or_localization,high
Dark Souls,ダークソウル,ダークソウル,igdb_alias_or_localization,high
Dark Souls II,Dark Souls II,darksoulsii,csv_source,high
Dark Souls II,Dark Souls 2,darksouls2,igdb_alias_or_localization,high
Dark Souls II,ダークソウル2,ダークソウル2,igdb_alias_or_localization,high
Dark Souls III,Dark Souls III,darksoulsiii,csv_source,high
Dark Souls III,Dark Souls 3,darksouls3,igdb_alias_or_localization,high
Dark Souls III,黑暗之魂III,黑暗之魂iii,igdb_alias_or_localization,high
Dark Souls III,DS3,ds3,igdb_alias_or_localization,high
Dark Souls III,ダークソウル III,ダークソウルiii,igdb_alias_or_localization,high
Dead Cells,Dead Cells,deadcells,csv_source,high
Dead Cells,deadcells.exe,deadcellsexe,igdb_alias_or_localization,high
Dead Cells,死亡细胞,死亡细胞,igdb_alias_or_localization,high
Death Stranding,Death Stranding,deathstranding,csv_source,high
Death Stranding,死亡搁浅,死亡搁浅,igdb_alias_or_localization,high
Death Stranding,死亡擱淺,死亡擱淺,igdb_alias_or_localization,high
Death Stranding,デスストランディング,デスストランディング,igdb_alias_or_localization,high
Death Stranding 2: On the Beach,Death Stranding 2: On the Beach,deathstranding2onthebeach,csv_source,high
Death Stranding 2: On the Beach,死亡搁浅2：冥滩之上,死亡搁浅2冥滩之上,igdb_alias_or_localization,high
Death Stranding 2: On the Beach,死亡擱淺2：冥灘之上,死亡擱淺2冥灘之上,igdb_alias_or_localization,high
Death Stranding 2: On the Beach,Death Stranding 2,deathstranding2,igdb_alias_or_localization,high
Death Stranding 2: On the Beach,DS2.exe,ds2exe,igdb_alias_or_localization,high
Deltarune,Deltarune,deltarune,csv_source,high
Deltarune,DELTARUNE.exe,deltaruneexe,igdb_alias_or_localization,high
Devil May Cry,Devil May Cry,devilmaycry,csv_source,medium
Devil May Cry,DMC,dmc,igdb_alias_or_localization,medium
Devil May Cry,鬼泣,鬼泣,igdb_alias_or_localization,medium
Devil May Cry,デビル メイ クライ,デビルメイクライ,igdb_alias_or_localization,medium
Devil May Cry 3: Dante's Awakening,Devil May Cry 3: Dante's Awakening,devilmaycry3dantesawakening,csv_source,high
Devil May Cry 3: Dante's Awakening,DMC3,dmc3,igdb_alias_or_localization,high
Devil May Cry 3: Dante's Awakening,Devil May Cry 3: Dantes Erwachen,devilmaycry3danteserwachen,igdb_alias_or_localization,high
Devil May Cry 3: Dante's Awakening,鬼泣3：但丁觉醒,鬼泣3但丁觉醒,igdb_alias_or_localization,high
Devil May Cry 3: Dante's Awakening,Devil May Cry 3 : L'Éveil de Dante,devilmaycry3leveildedante,igdb_alias_or_localization,high
Devil May Cry 3: Dante's Awakening,デビル メイ クライ3,デビルメイクライ3,igdb_alias_or_localization,high
Devil May Cry 4,Devil May Cry 4,devilmaycry4,csv_source,medium
Devil May Cry 4,DMC4,dmc4,igdb_alias_or_localization,medium
Devil May Cry 4,デビル メイ クライ4,デビルメイクライ4,igdb_alias_or_localization,medium
Disco Elysium,Disco Elysium,discoelysium,csv_source,medium
Disco Elysium,极乐迪斯科,极乐迪斯科,igdb_alias_or_localization,medium
Disco Elysium,No Truce with the Furies,notrucewiththefuries,igdb_alias_or_localization,medium
Disco Elysium,disco.exe,discoexe,igdb_alias_or_localization,medium
Disco Elysium,ディスコエリジウム,ディスコエリジウム,igdb_alias_or_localization,medium
DmC: Devil May Cry,Devil May Cry 5,devilmaycry5,csv_source,medium
DmC: Devil May Cry,DmC: Devil May Cry,dmcdevilmaycry,logical_name,medium
Donkey Kong Country,Donkey Kong Country,donkeykongcountry,csv_source,medium
Donkey Kong Country,DKC,dkc,igdb_alias_or_localization,medium
Donkey Kong Country,Super Donkey Kong,superdonkeykong,igdb_alias_or_localization,medium
Donkey Kong Country,Donkey Kong,donkeykong,igdb_alias_or_localization,medium
Donkey Kong Country,DKC1,dkc1,igdb_alias_or_localization,medium
Donkey Kong Country,Donkey Kong's Monkey Mayhem,donkeykongsmonkeymayhem,igdb_alias_or_localization,medium
Donkey Kong Country,スーパードンキーコング,スーパードンキーコング,igdb_alias_or_localization,medium
Donkey Kong Country 2: Diddy's Kong Quest,Donkey Kong Country 2: Diddy's Kong Quest,donkeykongcountry2diddyskongquest,csv_source,high
Donkey Kong Country 2: Diddy's Kong Quest,DKC2,dkc2,igdb_alias_or_localization,high
Donkey Kong Country 2: Diddy's Kong Quest,Donkey Kong Country 2,donkeykongcountry2,igdb_alias_or_localization,high
Donkey Kong Country 2: Diddy's Kong Quest,DK2,dk2,igdb_alias_or_localization,high
Donkey Kong Country 2: Diddy's Kong Quest,Donkey Kong 2,donkeykong2,igdb_alias_or_localization,high
Donkey Kong Country 2: Diddy's Kong Quest,DKC2: DKQ,dkc2dkq,igdb_alias_or_localization,high
Donkey Kong Country 2: Diddy's Kong Quest,Super Donkey Kong 2: Dixie & Diddy,superdonkeykong2dixiediddy,igdb_alias_or_localization,high
Donkey Kong Country 2: Diddy's Kong Quest,Donkey Kong Country 2: Diddy Kong's Quest,donkeykongcountry2diddykongsquest,igdb_alias_or_localization,high
Donkey Kong Country 2: Diddy's Kong Quest,スーパードンキーコング2 ディクシー＆ディディー,スーパードンキーコング2ディクシーディディー,igdb_alias_or_localization,high
Donkey Kong Country: Tropical Freeze,Donkey Kong Country: Tropical Freeze,donkeykongcountrytropicalfreeze,csv_source,medium
Donkey Kong Country: Tropical Freeze,DKC TF,dkctf,igdb_alias_or_localization,medium
Donkey Kong Country: Tropical Freeze,DKC: Tropical Freeze,dkctropicalfreeze,igdb_alias_or_localization,medium
Donkey Kong Country: Tropical Freeze,ドンキーコング トロピカルフリーズ,ドンキーコングトロピカルフリーズ,igdb_alias_or_localization,medium
Doom (1993),Doom,doom,csv_source,high
Doom (1993),Doom (1993),doom1993,logical_name,high
Doom (1993),Doom: Evil Unleashed,doomevilunleashed,igdb_alias_or_localization,high
Doom (1993),毁灭战士,毁灭战士,igdb_alias_or_localization,high
Doom (1993),ドゥーム,ドゥーム,igdb_alias_or_localization,high
Doom (2016),DOOM (2016),doom2016,csv_source,high
Doom (2016),Doom 4,doom4,igdb_alias_or_localization,high
Doom (2016),Doom IV,doomiv,igdb_alias_or_localization,high
Doom (2016),Doom Classic,doomclassic,igdb_alias_or_localization,high
Doom (2016),DOOMx64.exe,doomx64exe,igdb_alias_or_localization,high
Doom Eternal,DOOM Eternal,doometernal,csv_source,high
Doom Eternal,idTechLauncher.exe,idtechlauncherexe,igdb_alias_or_localization,high
Dragon Quest V: Tenkuu no Hanayome,Dragon Quest V,dragonquestv,csv_source,medium
Dragon Quest V: Tenkuu no Hanayome,Dragon Quest V: Tenkuu no Hanayome,dragonquestvtenkuunohanayome,logical_name,medium
Dragon Quest V: Tenkuu no Hanayome,ドラゴンクエストV,ドラゴンクエストv,igdb_alias_or_localization,medium
Dragon Quest V: Tenkuu no Hanayome,ドラクエV,ドラクエv,igdb_alias_or_localization,medium
Dragon Quest V: Tenkuu no Hanayome,Dragon Warrior V,dragonwarriorv,igdb_alias_or_localization,medium
Dragon Quest V: Tenkuu no Hanayome,Dragon Quest V: Hand of the Heavenly Bride,dragonquestvhandoftheheavenlybride,igdb_alias_or_localization,medium
Dragon Quest V: Tenkuu no Hanayome,Dragon Quest V: Bride of Heaven,dragonquestvbrideofheaven,igdb_alias_or_localization,medium
Dragon Quest V: Tenkuu no Hanayome,ドラゴンクエストV 天空の花嫁,ドラゴンクエストv天空の花嫁,igdb_alias_or_localization,medium
Dragon Quest VIII: Journey of the Cursed King,Dragon Quest VIII,dragonquestviii,csv_source,high
Dragon Quest VIII: Journey of the Cursed King,Dragon Quest VIII: Journey of the Cursed King,dragonquestviiijourneyofthecursedking,logical_name,high
Dragon Quest VIII: Journey of the Cursed King,Dragon Quest 8,dragonquest8,igdb_alias_or_localization,high
Dragon Quest VIII: Journey of the Cursed King,DQ8,dq8,igdb_alias_or_localization,high
Dragon Quest VIII: Journey of the Cursed King,DQVIII,dqviii,igdb_alias_or_localization,high
Dragon Quest VIII: Journey of the Cursed King,勇者斗恶龙VIII,勇者斗恶龙viii,igdb_alias_or_localization,high
Dragon Quest VIII: Journey of the Cursed King,"Dragon Quest VIII: The Sky, the Ocean, the Earth, and the Cursed Princess",dragonquestviiitheskytheoceantheearthandthecursedprincess,igdb_alias_or_localization,high
Dragon Quest VIII: Journey of the Cursed King,Doragon Kuesuto VIII Sora to Umi to Daichi to Norowareshi Himegimi,doragonkuesutoviiisoratoumitodaichitonorowareshihimegimi,igdb_alias_or_localization,high
Dragon Quest VIII: Journey of the Cursed King,Dragon Quest VIII: El periplo del Rey Maldito,dragonquestviiielperiplodelreymaldito,igdb_alias_or_localization,high
Dragon Quest VIII: Journey of the Cursed King,Dragon Quest: Die Reise des verwunschenen Königs,dragonquestdiereisedesverwunschenenkonigs,igdb_alias_or_localization,high
Dragon Quest VIII: Journey of the Cursed King,Dragon Quest: L'Odissea del Re Maledetto,dragonquestlodisseadelremaledetto,igdb_alias_or_localization,high
Dragon Quest VIII: Journey of the Cursed King,Dragon Quest: L'Odyssée du Roi Maudit,dragonquestlodysseeduroimaudit,igdb_alias_or_localization,high
Dragon Quest VIII: Journey of the Cursed King,ドラゴンクエストVIII 空と海と大地と呪われし姫君,ドラゴンクエストviii空と海と大地と呪われし姫君,igdb_alias_or_localization,high
Dragon Quest VIII: Journey of the Cursed King,Dragon Quest: The Journey of the Cursed King,dragonquestthejourneyofthecursedking,igdb_alias_or_localization,high
Dragon Quest XI: Echoes of an Elusive Age,Dragon Quest XI,dragonquestxi,csv_source,high
Dragon Quest XI: Echoes of an Elusive Age,Dragon Quest XI: Echoes of an Elusive Age,dragonquestxiechoesofanelusiveage,logical_name,high
Dragon Quest XI: Echoes of an Elusive Age,Dragon Quest XI: Ecos de un pasado perdido,dragonquestxiecosdeunpasadoperdido,igdb_alias_or_localization,high
Dragon Quest XI: Echoes of an Elusive Age,Dragon Quest 11,dragonquest11,igdb_alias_or_localization,high
Dragon Quest XI: Echoes of an Elusive Age,Dragon Quest XI: Sugisarishi Toki o Motomete,dragonquestxisugisarishitokiomotomete,igdb_alias_or_localization,high
Dragon Quest XI: Echoes of an Elusive Age,DQ11,dq11,igdb_alias_or_localization,high
Dragon Quest XI: Echoes of an Elusive Age,DQXI,dqxi,igdb_alias_or_localization,high
Dragon Quest XI: Echoes of an Elusive Age,DQ XI: Echoes of an Elusive Age,dqxiechoesofanelusiveage,igdb_alias_or_localization,high
Dragon Quest XI: Echoes of an Elusive Age,Dragon Quest XI : Les Combattants de la Destinée,dragonquestxilescombattantsdeladestinee,igdb_alias_or_localization,high
Dragon Quest XI: Echoes of an Elusive Age,Dragon Quest XI: In Search of Lost Time,dragonquestxiinsearchoflosttime,igdb_alias_or_localization,high
Dragon Quest XI: Echoes of an Elusive Age,ドラゴンクエスト XI 過ぎ去りし時を求めて,ドラゴンクエストxi過ぎ去りし時を求めて,igdb_alias_or_localization,high
Dragon Warrior III,Dragon Quest III,dragonquestiii,csv_source,medium
Dragon Warrior III,Dragon Warrior III,dragonwarrioriii,logical_name,medium
Dragon Warrior III,ドラゴンクエストIII,ドラゴンクエストiii,igdb_alias_or_localization,medium
Dragon Warrior III,Dragon Quest III: Soshite Densetsu e...,dragonquestiiisoshitedensetsue,igdb_alias_or_localization,medium
Dragon Warrior III,Dragon Quest III: Thus Into Legend...,dragonquestiiithusintolegend,igdb_alias_or_localization,medium
Dragon Warrior III,ドラゴンクエストIII そして伝説へ…,ドラゴンクエストiiiそして伝説へ,igdb_alias_or_localization,medium
Dragon Warrior IV,Dragon Quest IV,dragonquestiv,csv_source,medium
Dragon Warrior IV,Dragon Warrior IV,dragonwarrioriv,logical_name,medium
Dragon Warrior IV,ドラゴンクエストIV,ドラゴンクエストiv,igdb_alias_or_localization,medium
Dragon Warrior IV,Dragon Quest IV: Chapters of the Chosen,dragonquestivchaptersofthechosen,igdb_alias_or_localization,medium
Dragon Warrior IV,Dragon Quest IV: The Chapters of the Chosen,dragonquestivthechaptersofthechosen,igdb_alias_or_localization,medium
Dragon Warrior IV,Dragon Quest IV: Michibikareshi Mono-tachi,dragonquestivmichibikareshimonotachi,igdb_alias_or_localization,medium
Dragon Warrior IV,ドラクエIV,ドラクエiv,igdb_alias_or_localization,medium
Dragon Warrior IV,Dragon Quest IV: Tales of the Chosen,dragonquestivtalesofthechosen,igdb_alias_or_localization,medium
Dragon Warrior IV,ドラゴンクエストIV 導かれし者たち,ドラゴンクエストiv導かれし者たち,igdb_alias_or_localization,medium
Earthbound,EarthBound,earthbound,csv_source,medium
Earthbound,アースバウンド,アースバウンド,igdb_alias_or_localization,medium
Elden Ring,Elden Ring,eldenring,csv_source,high
Elden Ring,Great Rune,greatrune,igdb_alias_or_localization,high
Elden Ring,エルデンリング,エルデンリング,igdb_alias_or_localization,high
Elden Ring,艾爾登法環,艾爾登法環,igdb_alias_or_localization,high
Elden Ring,艾尔登法环,艾尔登法环,igdb_alias_or_localization,high
Elden Ring: Shadow of the Erdtree,Elden Ring: Shadow of the Erdtree,eldenringshadowoftheerdtree,csv_source,high
F-Zero,F-Zero,fzero,csv_source,high
F-Zero,エフゼロ,エフゼロ,igdb_alias_or_localization,high
F-Zero GX,F-Zero GX,fzerogx,csv_source,high
F-Zero GX,에프제로 GX,gx,igdb_alias_or_localization,high
Fate/Grand Order,Fate/Grand Order,fategrandorder,csv_source,high
Fate/Grand Order,F/GO,fgo,igdb_alias_or_localization,high
Fate/Grand Order,フェイト/グランドオーダー,フェイトグランドオーダー,igdb_alias_or_localization,high
Final Fantasy,Final Fantasy I,finalfantasyi,csv_source,high
Final Fantasy,Final Fantasy,finalfantasy,logical_name,high
Final Fantasy,FFI,ffi,igdb_alias_or_localization,high
Final Fantasy,FF1,ff1,igdb_alias_or_localization,high
Final Fantasy,FF,ff,igdb_alias_or_localization,high
Final Fantasy,Final Fantasy 1,finalfantasy1,igdb_alias_or_localization,high
Final Fantasy,ファイナルファンタジー,ファイナルファンタジー,igdb_alias_or_localization,high
Final Fantasy II,Final Fantasy II,finalfantasyii,csv_source,medium
Final Fantasy II,Fainaru Fantaji II,fainarufantajiii,igdb_alias_or_localization,medium
Final Fantasy II,FINAL FANTASY II: DARK SHADOW OVER PALAKIA,finalfantasyiidarkshadowoverpalakia,igdb_alias_or_localization,medium
Final Fantasy II,ファイナルファンタジー II,ファイナルファンタジーii,igdb_alias_or_localization,medium
Final Fantasy III,Final Fantasy III,finalfantasyiii,csv_source,high
Final Fantasy III,FFIII,ffiii,igdb_alias_or_localization,high
Final Fantasy III,Final Fantasy 3,finalfantasy3,igdb_alias_or_localization,high
Final Fantasy III,FF3,ff3,igdb_alias_or_localization,high
Final Fantasy III,ファイナルファンタジー III,ファイナルファンタジーiii,igdb_alias_or_localization,high
Final Fantasy IV,Final Fantasy IV,finalfantasyiv,csv_source,medium
Final Fantasy IV,FF4,ff4,igdb_alias_or_localization,medium
Final Fantasy IV,Final Fantasy 4,finalfantasy4,igdb_alias_or_localization,medium
Final Fantasy IV,FFIV,ffiv,igdb_alias_or_localization,medium
Final Fantasy IV,ファイナルファンタジーIV,ファイナルファンタジーiv,igdb_alias_or_localization,medium
Final Fantasy IX,Final Fantasy IX,finalfantasyix,csv_source,medium
Final Fantasy IX,FF9,ff9,igdb_alias_or_localization,medium
Final Fantasy IX,最终幻想9,最终幻想9,igdb_alias_or_localization,medium
Final Fantasy IX,Final Fantasy 9,finalfantasy9,igdb_alias_or_localization,medium
Final Fantasy IX,FFIX,ffix,igdb_alias_or_localization,medium
Final Fantasy IX,ファイナルファンタジーIX,ファイナルファンタジーix,igdb_alias_or_localization,medium
Final Fantasy V,Final Fantasy V,finalfantasyv,csv_source,medium
Final Fantasy V,FFV,ffv,igdb_alias_or_localization,medium
Final Fantasy V,Final Fantasy 5,finalfantasy5,igdb_alias_or_localization,medium
Final Fantasy V,FF5,ff5,igdb_alias_or_localization,medium
Final Fantasy V,ファイナルファンタジーV,ファイナルファンタジーv,igdb_alias_or_localization,medium
Final Fantasy VII,Final Fantasy VII,finalfantasyvii,csv_source,medium
Final Fantasy VII,FFVII,ffvii,igdb_alias_or_localization,medium
Final Fantasy VII,Final Fantasy 7,finalfantasy7,igdb_alias_or_localization,medium
Final Fantasy VII,FF7,ff7,igdb_alias_or_localization,medium
Final Fantasy VII,ファイナルファンタジーVII,ファイナルファンタジーvii,igdb_alias_or_localization,medium
Final Fantasy VII Rebirth,Final Fantasy VII Rebirth,finalfantasyviirebirth,csv_source,high
Final Fantasy VII Rebirth,Final Fantasy VII Remake Part II,finalfantasyviiremakepartii,igdb_alias_or_localization,high
Final Fantasy VII Rebirth,Final Fantasy VII 重生,finalfantasyvii重生,igdb_alias_or_localization,high
Final Fantasy VII Rebirth,Final Fantasy 7 Rebirth,finalfantasy7rebirth,igdb_alias_or_localization,high
Final Fantasy VII Rebirth,FFVII Rebirth,ffviirebirth,igdb_alias_or_localization,high
Final Fantasy VII Rebirth,FF7 Rebirth,ff7rebirth,igdb_alias_or_localization,high
Final Fantasy VII Rebirth,ファイナルファンタジーVII リバース,ファイナルファンタジーviiリバース,igdb_alias_or_localization,high
Final Fantasy VII Remake,Final Fantasy VII Remake,finalfantasyviiremake,csv_source,high
Final Fantasy VII Remake,Final Fantasy 7 Remake,finalfantasy7remake,igdb_alias_or_localization,high
Final Fantasy VII Remake,最终幻想VII 重制版,最终幻想vii重制版,igdb_alias_or_localization,high
Final Fantasy VII Remake,FFVII Remake,ffviiremake,igdb_alias_or_localization,high
Final Fantasy VII Remake,FF7 Remake,ff7remake,igdb_alias_or_localization,high
Final Fantasy VII Remake,ファイナルファンタジーVII リメイク,ファイナルファンタジーviiリメイク,igdb_alias_or_localization,high
Final Fantasy VIII,Final Fantasy VIII,finalfantasyviii,csv_source,medium
Final Fantasy VIII,Final Fantasy 8,finalfantasy8,igdb_alias_or_localization,medium
Final Fantasy VIII,FFVIII,ffviii,igdb_alias_or_localization,medium
Final Fantasy VIII,FF8,ff8,igdb_alias_or_localization,medium
Final Fantasy VIII,最终幻想8,最终幻想8,igdb_alias_or_localization,medium
Final Fantasy VIII,太空戰士 8,太空戰士8,igdb_alias_or_localization,medium
Final Fantasy VIII,ファイナルファンタジーVIII,ファイナルファンタジーviii,igdb_alias_or_localization,medium
Final Fantasy X,Final Fantasy X,finalfantasyx,csv_source,medium
Final Fantasy X,FF10,ff10,igdb_alias_or_localization,medium
Final Fantasy X,Final Fantasy 10,finalfantasy10,igdb_alias_or_localization,medium
Final Fantasy X,FFX,ffx,igdb_alias_or_localization,medium
Final Fantasy X,Final Fantasy X International,finalfantasyxinternational,igdb_alias_or_localization,medium
Final Fantasy X,Final Fantasy 10 International,finalfantasy10international,igdb_alias_or_localization,medium
Final Fantasy X,最终幻想10,最终幻想10,igdb_alias_or_localization,medium
Final Fantasy X,Финальная Фантазия 10,10,igdb_alias_or_localization,medium
Final Fantasy X,ファイナルファンタジーX,ファイナルファンタジーx,igdb_alias_or_localization,medium
Final Fantasy XII,Final Fantasy XII,finalfantasyxii,csv_source,high
Final Fantasy XII,FFXII,ffxii,igdb_alias_or_localization,high
Final Fantasy XII,FF12,ff12,igdb_alias_or_localization,high
Final Fantasy XII,Final Fantasy XII: The Zodiac Age,finalfantasyxiithezodiacage,igdb_alias_or_localization,high
Final Fantasy XII,Final Fantasy 12: The Zodiac Age,finalfantasy12thezodiacage,igdb_alias_or_localization,high
Final Fantasy XII,Final Fantasy 12,finalfantasy12,igdb_alias_or_localization,high
Final Fantasy XII,Final Fantasy 12: International Zodiac Job System,finalfantasy12internationalzodiacjobsystem,igdb_alias_or_localization,high
Final Fantasy XII,Final Fantasy XII: International Zodiac Job System,finalfantasyxiiinternationalzodiacjobsystem,igdb_alias_or_localization,high
Final Fantasy XIII,Final Fantasy XIII,finalfantasyxiii,csv_source,high
Final Fantasy XIII,FF13,ff13,igdb_alias_or_localization,high
Final Fantasy XIII,Final Fantasy 13,finalfantasy13,igdb_alias_or_localization,high
Final Fantasy XIII,FFXIII ,ffxiii,igdb_alias_or_localization,high
Final Fantasy XIII,Fabula Nova Crystallis,fabulanovacrystallis,igdb_alias_or_localization,high
Final Fantasy XIII,FFXiiiLauncher.exe,ffxiiilauncherexe,igdb_alias_or_localization,high
Final Fantasy XIII,파이널 판타지 XIII,xiii,igdb_alias_or_localization,high
Final Fantasy XIII,ファイナルファンタジーXIII,ファイナルファンタジーxiii,igdb_alias_or_localization,high
Final Fantasy XIV: Endwalker,Final Fantasy XIV Online,finalfantasyxivonline,csv_source,high
Final Fantasy XIV: Endwalker,Final Fantasy XIV: Endwalker,finalfantasyxivendwalker,logical_name,high
Final Fantasy XIV: Endwalker,FINAL FANTASY XIV ONLINE: ENDWALKER,finalfantasyxivonlineendwalker,igdb_alias_or_localization,high
Final Fantasy XIV: Endwalker,FFXIV 6.0,ffxiv60,igdb_alias_or_localization,high
Final Fantasy XIV: Endwalker,Final Fantasy 14 Endwalker,finalfantasy14endwalker,igdb_alias_or_localization,high
Final Fantasy XIV: Endwalker,FFXIV EW,ffxivew,igdb_alias_or_localization,high
Final Fantasy XIV: Endwalker,最终幻想 14：晓月之终途 ,最终幻想14晓月之终途,igdb_alias_or_localization,high
Final Fantasy XV,Final Fantasy XV,finalfantasyxv,csv_source,high
Final Fantasy XV,最终幻想15,最终幻想15,igdb_alias_or_localization,high
Final Fantasy XV,Versus XIII,versusxiii,igdb_alias_or_localization,high
Final Fantasy XV,Final Fantasy Versus XIII,finalfantasyversusxiii,igdb_alias_or_localization,high
Final Fantasy XV,FF Versus XIII ,ffversusxiii,igdb_alias_or_localization,high
Final Fantasy XV,FFXV,ffxv,igdb_alias_or_localization,high
Final Fantasy XV,FF15,ff15,igdb_alias_or_localization,high
Final Fantasy XV,Final Fantasy 15,finalfantasy15,igdb_alias_or_localization,high
Final Fantasy XV,Final Fantasy Versus 13,finalfantasyversus13,igdb_alias_or_localization,high
Final Fantasy XV,ファイナルファンタジーXV,ファイナルファンタジーxv,igdb_alias_or_localization,high
Final Fantasy XV,파이널 판타지 XV,xv,igdb_alias_or_localization,high
Final Fantasy XVI,Final Fantasy XVI,finalfantasyxvi,csv_source,high
Final Fantasy XVI,Final Fantasy 16,finalfantasy16,igdb_alias_or_localization,high
Final Fantasy XVI,FFXVI,ffxvi,igdb_alias_or_localization,high
Final Fantasy XVI,ffxvi.exe,ffxviexe,igdb_alias_or_localization,high
Final Fantasy XVI,파이널 판타지 XVI,xvi,igdb_alias_or_localization,high
Final Fantasy XVI,ファイナルファンタジーXVI,ファイナルファンタジーxvi,igdb_alias_or_localization,high
Fire Emblem Awakening,Fire Emblem Awakening,fireemblemawakening,csv_source,high
Fire Emblem Awakening,Fire Emblem 3DS,fireemblem3ds,igdb_alias_or_localization,high
Fire Emblem Awakening,Fire Emblem: Kakusei,fireemblemkakusei,igdb_alias_or_localization,high
Fire Emblem Awakening,FE13,fe13,igdb_alias_or_localization,high
Fire Emblem Awakening,ファイアーエムブレム 覚醒,ファイアーエムブレム覚醒,igdb_alias_or_localization,high
Fire Emblem Engage,Fire Emblem Engage,fireemblemengage,csv_source,high
Fire Emblem Engage,FE Engage,feengage,igdb_alias_or_localization,high
Fire Emblem Engage,ファイアーエムブレム エンゲージ,ファイアーエムブレムエンゲージ,igdb_alias_or_localization,high
Fire Emblem Fates: Special Edition,Fire Emblem Fates,fireemblemfates,csv_source,high
Fire Emblem Fates: Special Edition,Fire Emblem Fates: Special Edition,fireemblemfatesspecialedition,logical_name,high
Fire Emblem Fates: Special Edition,Fire Emblem Fates - Limited Edition,fireemblemfateslimitededition,igdb_alias_or_localization,high
Fire Emblem Fates: Special Edition,Fire Emblem If,fireemblemif,igdb_alias_or_localization,high
Fire Emblem Fates: Special Edition,ファイアーエムブレムif,ファイアーエムブレムif,igdb_alias_or_localization,high
Fire Emblem: Path of Radiance,Fire Emblem: Path of Radiance,fireemblempathofradiance,csv_source,high
Fire Emblem: Path of Radiance,Fire Emblem: Souen no Kiseki,fireemblemsouennokiseki,igdb_alias_or_localization,high
Fire Emblem: Path of Radiance,Fire Emblem 9,fireemblem9,igdb_alias_or_localization,high
Fire Emblem: Path of Radiance,Fire Emblem: Trail of the Blue Flame,fireemblemtrailoftheblueflame,igdb_alias_or_localization,high
Fire Emblem: Path of Radiance,FE9,fe9,igdb_alias_or_localization,high
Fire Emblem: Path of Radiance,ファイアーエムブレム 蒼炎の軌跡,ファイアーエムブレム蒼炎の軌跡,igdb_alias_or_localization,high
Fire Emblem: Radiant Dawn,Fire Emblem: Radiant Dawn,fireemblemradiantdawn,csv_source,high
Fire Emblem: Radiant Dawn,FE10,fe10,igdb_alias_or_localization,high
Fire Emblem: Radiant Dawn,Fire Emblem 10,fireemblem10,igdb_alias_or_localization,high
Fire Emblem: Radiant Dawn,Fire Emblem: Akatsuki no Megami,fireemblemakatsukinomegami,igdb_alias_or_localization,high
Fire Emblem: Radiant Dawn,Fire Emblem: The Goddess of Dawn,fireemblemthegoddessofdawn,igdb_alias_or_localization,high
Fire Emblem: Radiant Dawn,Fire Emblem GC 2,fireemblemgc2,igdb_alias_or_localization,high
Fire Emblem: Radiant Dawn,ファイアーエムブレム 暁の女神,ファイアーエムブレム暁の女神,igdb_alias_or_localization,high
Fire Emblem: The Blazing Blade,Fire Emblem: The Blazing Blade,fireemblemtheblazingblade,csv_source,high
Fire Emblem: The Blazing Blade,Fire Emblem,fireemblem,igdb_name,high
Fire Emblem: The Blazing Blade,火焰之纹章,火焰之纹章,igdb_alias_or_localization,high
Fire Emblem: The Blazing Blade,FE7,fe7,igdb_alias_or_localization,high
Fire Emblem: The Blazing Blade,Fire Emblem: Rekka no Ken ,fireemblemrekkanoken,igdb_alias_or_localization,high
Fire Emblem: The Blazing Blade,圣火降魔录 ,圣火降魔录,igdb_alias_or_localization,high
Fire Emblem: The Blazing Blade,Fire Emblem 7,fireemblem7,igdb_alias_or_localization,high
Fire Emblem: The Blazing Blade,Fire Emblem: Blazing Sword,fireemblemblazingsword,igdb_alias_or_localization,high
Fire Emblem: The Blazing Blade,ファイアーエムブレム 烈火の剣,ファイアーエムブレム烈火の剣,igdb_alias_or_localization,high
Fire Emblem: The Sacred Stones,Fire Emblem: The Sacred Stones,fireemblemthesacredstones,csv_source,high
Fire Emblem: The Sacred Stones,FE8,fe8,igdb_alias_or_localization,high
Fire Emblem: The Sacred Stones,Fire Emblem 8,fireemblem8,igdb_alias_or_localization,high
Fire Emblem: The Sacred Stones,Fire Emblem: Seima no Kōseki,fireemblemseimanokoseki,igdb_alias_or_localization,high
Fire Emblem: The Sacred Stones,Fire Emblem: Light Stones of Saints and Demons,fireemblemlightstonesofsaintsanddemons,igdb_alias_or_localization,high
Fire Emblem: The Sacred Stones,ファイアーエムブレム 聖魔の光石,ファイアーエムブレム聖魔の光石,igdb_alias_or_localization,high
Fire Emblem: Three Houses,Fire Emblem: Three Houses,fireemblemthreehouses,csv_source,high
Fire Emblem: Three Houses,FE: Three Houses,fethreehouses,igdb_alias_or_localization,high
Fire Emblem: Three Houses,Fire Emblem Fuukasetsugetsu,fireemblemfuukasetsugetsu,igdb_alias_or_localization,high
Fire Emblem: Three Houses,ファイアーエムブレム 風花雪月,ファイアーエムブレム風花雪月,igdb_alias_or_localization,high
Genshin Impact,Genshin Impact,genshinimpact,csv_source,high
Genshin Impact,Genshin Impact: Mobile,genshinimpactmobile,igdb_alias_or_localization,high
Genshin Impact,GI: Mobile,gimobile,igdb_alias_or_localization,high
Genshin Impact,原神,原神,igdb_alias_or_localization,high
Genshin Impact,Genshin,genshin,igdb_alias_or_localization,high
Genshin Impact,Yuanshen,yuanshen,igdb_alias_or_localization,high
Genshin Impact,原神セレベンツ,原神セレベンツ,igdb_alias_or_localization,high
Genshin Impact,Genshin Impact Version 1.0: Welcome to Teyvat,genshinimpactversion10welcometoteyvat,igdb_alias_or_localization,high
Ghost of Tsushima,Ghost of Tsushima,ghostoftsushima,csv_source,high
Ghost of Tsushima,对马岛之鬼,对马岛之鬼,igdb_alias_or_localization,high
Ghost of Tsushima,對馬戰鬼,對馬戰鬼,igdb_alias_or_localization,high
Ghost of Tsushima,ゴースト オブ ツシマ,ゴーストオブツシマ,igdb_alias_or_localization,high
Ghost of Yotei,Ghost of Yōtei,ghostofyotei,csv_source,high
Ghost of Yotei,羊蹄山之魂,羊蹄山之魂,igdb_alias_or_localization,high
God of War,God of War (2018),godofwar2018,csv_source,high
God of War,God of War,godofwar,logical_name,high
God of War,GOW,gow,igdb_alias_or_localization,high
God of War,God of War: New Omega,godofwarnewomega,igdb_alias_or_localization,high
God of War,God of War 4,godofwar4,igdb_alias_or_localization,high
God of War,Deus da Guerra,deusdaguerra,igdb_alias_or_localization,high
God of War,God of War IV,godofwariv,igdb_alias_or_localization,high
God of War,GoW 4,gow4,igdb_alias_or_localization,high
God of War,战神4,战神4,igdb_alias_or_localization,high
God of War,GoW.exe,gowexe,igdb_alias_or_localization,high
God of War,ゴッド オブ ウォー,ゴッドオブウォー,igdb_alias_or_localization,high
God of War Ragnarök,God of War Ragnarök,godofwarragnarok,csv_source,high
God of War Ragnarök,God of War Part II,godofwarpartii,igdb_alias_or_localization,high
God of War Ragnarök,戰神: 諸神黃昏,戰神諸神黃昏,igdb_alias_or_localization,high
God of War Ragnarök,战神:诸神黄昏,战神诸神黄昏,igdb_alias_or_localization,high
Goddess of Victory: Nikke,Goddess of Victory: Nikke,goddessofvictorynikke,csv_source,high
Goddess of Victory: Nikke,勝利女神：妮姬,勝利女神妮姬,igdb_alias_or_localization,high
Goddess of Victory: Nikke,勝利の女神：NIKKE,勝利の女神nikke,igdb_alias_or_localization,high
Goddess of Victory: Nikke,NIKKE,nikke,igdb_alias_or_localization,high
Goddess of Victory: Nikke,Nikke: Goddess of Victory,nikkegoddessofvictory,igdb_alias_or_localization,high
Granblue Fantasy,Granblue Fantasy,granbluefantasy,csv_source,high
Granblue Fantasy,グランブルーファンタジー,グランブルーファンタジー,igdb_alias_or_localization,high
Grand Theft Auto V,Grand Theft Auto V,grandtheftautov,csv_source,high
Grand Theft Auto V,俠盜獵車手 5,俠盜獵車手5,igdb_alias_or_localization,high
Grand Theft Auto V,Grand Theft Auto V Legacy,grandtheftautovlegacy,igdb_alias_or_localization,high
Grand Theft Auto V,GTA 5,gta5,igdb_alias_or_localization,high
Grand Theft Auto V,GTA V,gtav,igdb_alias_or_localization,high
Grand Theft Auto V,Grand Theft Auto 5,grandtheftauto5,igdb_alias_or_localization,high
Grand Theft Auto V,グランド セフト オートV,グランドセフトオートv,igdb_alias_or_localization,high
Grand Theft Auto: San Andreas,Grand Theft Auto: San Andreas,grandtheftautosanandreas,csv_source,high
Grand Theft Auto: San Andreas,GTA: SA,gtasa,igdb_alias_or_localization,high
Grand Theft Auto: San Andreas,GTA: Сан Андреас,gta,igdb_alias_or_localization,high
Grand Theft Auto: San Andreas,侠盗飞车：圣安地列斯,侠盗飞车圣安地列斯,igdb_alias_or_localization,high
Grand Theft Auto: San Andreas,侠盗猎车手：圣安地列斯,侠盗猎车手圣安地列斯,igdb_alias_or_localization,high
Grand Theft Auto: San Andreas,GTA: San Andreas,gtasanandreas,igdb_alias_or_localization,high
Grand Theft Auto: San Andreas,San Andreas,sanandreas,igdb_alias_or_localization,high
Hades,Hades,hades,csv_source,medium
Hades II,Hades II,hadesii,csv_source,high
Hades II,Hades 2,hades2,igdb_alias_or_localization,high
Hades II,Hades2.exe,hades2exe,igdb_alias_or_localization,high
Hades II,ハデス II,ハデスii,igdb_alias_or_localization,high
Half-Life 2,Half-Life 2,halflife2,csv_source,high
Half-Life 2,HL2,hl2,igdb_alias_or_localization,high
Half-Life 2,HλLF-LIFE²,hlflife2,igdb_alias_or_localization,high
Half-Life 2,hl2.exe,hl2exe,igdb_alias_or_localization,high
Halo 2,Halo 2,halo2,csv_source,high
Halo 2,光晕2,光晕2,igdb_alias_or_localization,high
Halo 2,Halo 2 for Windows Vista,halo2forwindowsvista,igdb_alias_or_localization,high
Halo 2,H2,h2,igdb_alias_or_localization,high
Halo 3,Halo 3,halo3,csv_source,high
Halo 3,H3,h3,igdb_alias_or_localization,high
Halo: Combat Evolved,Halo: Combat Evolved,halocombatevolved,csv_source,high
Halo: Combat Evolved,Halo: El Combate ha Evolucionado,haloelcombatehaevolucionado,igdb_alias_or_localization,high
Halo: Combat Evolved,光晕：战斗进化,光晕战斗进化,igdb_alias_or_localization,high
Halo: Combat Evolved,Halo: Kampf um die Zukunft,halokampfumdiezukunft,igdb_alias_or_localization,high
Halo: Combat Evolved,Halo CE,haloce,igdb_alias_or_localization,high
Halo: Combat Evolved,Halo 1,halo1,igdb_alias_or_localization,high
Halo: Combat Evolved,Halo,halo,igdb_alias_or_localization,high
Hatsune Miku: Colorful Stage!,Project SEKAI COLORFUL STAGE!,projectsekaicolorfulstage,csv_source,high
Hatsune Miku: Colorful Stage!,Hatsune Miku: Colorful Stage!,hatsunemikucolorfulstage,logical_name,high
Hatsune Miku: Colorful Stage!,世界計畫 繽紛舞台！feat. 初音未來,世界計畫繽紛舞台feat初音未來,igdb_alias_or_localization,high
Hatsune Miku: Colorful Stage!,Project SEKAI COLORFUL STAGE! feat. Hatsune Miku,projectsekaicolorfulstagefeathatsunemiku,igdb_alias_or_localization,high
Hatsune Miku: Colorful Stage!,Hatsune Miku: Project Sekai,hatsunemikuprojectsekai,igdb_alias_or_localization,high
Hatsune Miku: Colorful Stage!,プロセカ,プロセカ,igdb_alias_or_localization,high
Hatsune Miku: Colorful Stage!,Project SEKAI,projectsekai,igdb_alias_or_localization,high
Hatsune Miku: Colorful Stage!,プロジェクトセカイ カラフルステージ! feat. 初音ミク,プロジェクトセカイカラフルステージfeat初音ミク,igdb_alias_or_localization,high
Hatsune Miku: Colorful Stage!,프로젝트 세카이 컬러풀 스테이지! feat. 하츠네 미쿠,feat,igdb_alias_or_localization,high
Hatsune Miku: Project Diva,Hatsune Miku: Project DIVA,hatsunemikuprojectdiva,csv_source,high
Hatsune Miku: Project Diva,初音ミク Project Diva,初音ミクprojectdiva,igdb_alias_or_localization,high
Heaven Burns Red,HEAVEN BURNS RED,heavenburnsred,csv_source,high
Heaven Burns Red,緋染天空 Heaven Burns Red,緋染天空heavenburnsred,igdb_alias_or_localization,high
Heaven Burns Red,HeavenBurnsRed.exe,heavenburnsredexe,igdb_alias_or_localization,high
Heaven Burns Red,ヘブンバーンズレッド,ヘブンバーンズレッド,igdb_alias_or_localization,high
Hollow Knight,Hollow Knight,hollowknight,csv_source,high
Hollow Knight,Hollow Knight: Voidheart Edition,hollowknightvoidheartedition,igdb_alias_or_localization,high
Hollow Knight,hollow_knight.exe,hollowknightexe,igdb_alias_or_localization,high
Hollow Knight,ホロウナイト,ホロウナイト,igdb_alias_or_localization,high
Hollow Knight Silksong,Hollow Knight: Silksong,hollowknightsilksong,csv_source,medium
Hollow Knight Silksong,Hollow Knight Silksong Demake,hollowknightsilksongdemake,igdb_alias_or_localization,medium
Horizon Forbidden West,Horizon Forbidden West,horizonforbiddenwest,csv_source,high
Horizon Forbidden West,Horizon Zero Dawn 2,horizonzerodawn2,igdb_alias_or_localization,high
Horizon Forbidden West,Horizon II: Forbidden West,horizoniiforbiddenwest,igdb_alias_or_localization,high
Horizon Forbidden West,Horizon 2: Forbidden West,horizon2forbiddenwest,igdb_alias_or_localization,high
Horizon Zero Dawn,Horizon Zero Dawn,horizonzerodawn,csv_source,high
Horizon Zero Dawn,Horizon,horizon,igdb_alias_or_localization,high
Hyper Light Drifter,Hyper Light Drifter,hyperlightdrifter,csv_source,high
Hyper Light Drifter,HyperLightDrifter.exe,hyperlightdrifterexe,igdb_alias_or_localization,high
Inscryption,Inscryption,inscryption,csv_source,high
Inscryption,Sacrifices Must Be Made,sacrificesmustbemade,igdb_alias_or_localization,high
Inscryption,Inscryption.exe,inscryptionexe,igdb_alias_or_localization,high
Jet Set Radio,Jet Set Radio,jetsetradio,csv_source,medium
Jet Set Radio,JSR,jsr,igdb_alias_or_localization,medium
Jet Set Radio,ジェットセットラジオ,ジェットセットラジオ,igdb_alias_or_localization,medium
Jet Set Radio Future,Jet Set Radio Future,jetsetradiofuture,csv_source,high
Jet Set Radio Future,JSRF,jsrf,igdb_alias_or_localization,high
Jet Set Radio Future,JSRF: Jet Set Radio Future,jsrfjetsetradiofuture,igdb_alias_or_localization,high
Jet Set Radio Future,Jet Grind Radio Future,jetgrindradiofuture,igdb_alias_or_localization,high
Jet Set Radio Future,ジェットセットラジオ フューチャー,ジェットセットラジオフューチャー,igdb_alias_or_localization,high
Jubeat,jubeat,jubeat,csv_source,medium
Katana Zero,Katana ZERO,katanazero,csv_source,high
Katana Zero,Katana ZERO NETFLIX,katanazeronetflix,igdb_alias_or_localization,high
Katana Zero,Katana ZERO.exe,katanazeroexe,igdb_alias_or_localization,high
Kingdom Hearts,Kingdom Hearts,kingdomhearts,csv_source,medium
Kingdom Hearts,キングダムハーツ,キングダムハーツ,igdb_alias_or_localization,medium
Kingdom Hearts II,Kingdom Hearts II,kingdomheartsii,csv_source,high
Kingdom Hearts II,Kingdom Hearts 2,kingdomhearts2,igdb_alias_or_localization,high
Kingdom Hearts II,KHII,khii,igdb_alias_or_localization,high
Kingdom Hearts II,KH2,kh2,igdb_alias_or_localization,high
Kingdom Hearts II,キングダム ハーツII,キングダムハーツii,igdb_alias_or_localization,high
Kingdom Hearts III,Kingdom Hearts III,kingdomheartsiii,csv_source,high
Kingdom Hearts III,Kingdom Hearts 3,kingdomhearts3,igdb_alias_or_localization,high
Kingdom Hearts III,KH3,kh3,igdb_alias_or_localization,high
Kingdom Hearts III,KHIII,khiii,igdb_alias_or_localization,high
Kingdom Hearts III,キングダム ハーツ III,キングダムハーツiii,igdb_alias_or_localization,high
Kirby 64: The Crystal Shards,Kirby 64: The Crystal Shards,kirby64thecrystalshards,csv_source,high
Kirby 64: The Crystal Shards,Kirby of the Stars 64,kirbyofthestars64,igdb_alias_or_localization,high
Kirby 64: The Crystal Shards,Hoshi no Kirby 64,hoshinokirby64,igdb_alias_or_localization,high
Kirby 64: The Crystal Shards,Hoshi no Kirby Rokujuuyon,hoshinokirbyrokujuuyon,igdb_alias_or_localization,high
Kirby 64: The Crystal Shards,星のカービィ64,星のカービィ64,igdb_alias_or_localization,high
Kirby and the Forgotten Land,Kirby and the Forgotten Land,kirbyandtheforgottenland,csv_source,medium
Kirby and the Forgotten Land,Kirby et le monde oublié,kirbyetlemondeoublie,igdb_alias_or_localization,medium
Kirby and the Forgotten Land,Kirby e la terra perduta,kirbyelaterraperduta,igdb_alias_or_localization,medium
Kirby and the Forgotten Land,Kirby y la tierra olvidada,kirbyylatierraolvidada,igdb_alias_or_localization,medium
Kirby and the Forgotten Land,Kirby und das vergessene Land,kirbyunddasvergesseneland,igdb_alias_or_localization,medium
Kirby and the Forgotten Land,星之卡比 探索發現,星之卡比探索發現,igdb_alias_or_localization,medium
Kirby and the Forgotten Land,星之卡比 探索发现,星之卡比探索发现,igdb_alias_or_localization,medium
Kirby and the Forgotten Land,Kirby en de Vergeten Wereld,kirbyendevergetenwereld,igdb_alias_or_localization,medium
Kirby and the Forgotten Land,星のカービィ ディスカバリー,星のカービィディスカバリー,igdb_alias_or_localization,medium
Kirby Star Allies,Kirby Star Allies,kirbystarallies,csv_source,high
Kirby Star Allies,星のカービィ　スターアライズ,星のカービィスターアライズ,igdb_alias_or_localization,high
Kirby Super Star,Kirby Super Star,kirbysuperstar,csv_source,high
Kirby Super Star,Kirby of the Stars Super Deluxe,kirbyofthestarssuperdeluxe,igdb_alias_or_localization,high
Kirby Super Star,Kirby Active,kirbyactive,igdb_alias_or_localization,high
Kirby Super Star,Hoshi no Kirby Super Deluxe,hoshinokirbysuperdeluxe,igdb_alias_or_localization,high
Kirby Super Star,星のカービィ スーパーデラックス,星のカービィスーパーデラックス,igdb_alias_or_localization,high
Kirby Super Star,Kirby's Fun Pak,kirbysfunpak,igdb_alias_or_localization,high
Kirby: Planet Robobot,Kirby: Planet Robobot,kirbyplanetrobobot,csv_source,high
Kirby: Planet Robobot,Hoshi no Kirby: Robobot Planet,hoshinokirbyrobobotplanet,igdb_alias_or_localization,high
Kirby: Planet Robobot,星のカービィ ロボボプラネット,星のカービィロボボプラネット,igdb_alias_or_localization,high
Kirby: Triple Deluxe,Kirby: Triple Deluxe,kirbytripledeluxe,csv_source,high
Kirby: Triple Deluxe,Hoshi no Kirby: Triple Deluxe,hoshinokirbytripledeluxe,igdb_alias_or_localization,high
Kirby: Triple Deluxe,星のカービィ トリプルデラックス,星のカービィトリプルデラックス,igdb_alias_or_localization,high
Kirby's Adventure,Kirby's Adventure,kirbysadventure,csv_source,high
Kirby's Adventure,Kirby of the Stars: The Story of the Fountain of Dreams,kirbyofthestarsthestoryofthefountainofdreams,igdb_alias_or_localization,high
Kirby's Adventure,Hoshi no Kirby: Yume no Izumi no Monogatari,hoshinokirbyyumenoizuminomonogatari,igdb_alias_or_localization,high
Kirby's Adventure,星のカービィ 夢の泉の物語,星のカービィ夢の泉の物語,igdb_alias_or_localization,high
Kirby's Dream Land,Kirby's Dream Land,kirbysdreamland,csv_source,medium
Kirby's Dream Land,Hoshi no Kirby,hoshinokirby,igdb_alias_or_localization,medium
Kirby's Dream Land,Twinkle Popo,twinklepopo,igdb_alias_or_localization,medium
Kirby's Dream Land,星のカービィ,星のカービィ,igdb_alias_or_localization,medium
Kirby's Return to Dream Land,Kirby's Return to Dream Land,kirbysreturntodreamland,csv_source,high
Kirby's Return to Dream Land,Kirby's Adventure Wii,kirbysadventurewii,igdb_alias_or_localization,high
Kirby's Return to Dream Land,Hoshi no Kirby Wii,hoshinokirbywii,igdb_alias_or_localization,high
Kirby's Return to Dream Land,Kirby of the Stars Wii,kirbyofthestarswii,igdb_alias_or_localization,high
Kirby's Return to Dream Land,星のカービィWii,星のカービィwii,igdb_alias_or_localization,high
Like a Dragon: Infinite Wealth - Master Vacation Bundle,Like a Dragon: Infinite Wealth,likeadragoninfinitewealth,csv_source,medium
Like a Dragon: Infinite Wealth - Master Vacation Bundle,Like a Dragon: Infinite Wealth - Master Vacation Bundle,likeadragoninfinitewealthmastervacationbundle,logical_name,medium
Like a Dragon: Infinite Wealth - Master Vacation Bundle,Lot de vacances de maître Like a Dragon: Infinite Wealth,lotdevacancesdemaitrelikeadragoninfinitewealth,igdb_alias_or_localization,medium
Like a Dragon: Infinite Wealth - Master Vacation Bundle,Like a Dragon: Infinite Wealth – Meister-Urlaubs-Paket,likeadragoninfinitewealthmeisterurlaubspaket,igdb_alias_or_localization,medium
Like a Dragon: Infinite Wealth - Master Vacation Bundle,Pacchetto Maestro di vacanze Like a Dragon: Infinite Wealth,pacchettomaestrodivacanzelikeadragoninfinitewealth,igdb_alias_or_localization,medium
Like a Dragon: Infinite Wealth - Master Vacation Bundle,Paquete de vacaciones extremas de Like a Dragon: Infinite Wealth,paquetedevacacionesextremasdelikeadragoninfinitewealth,igdb_alias_or_localization,medium
Like a Dragon: Infinite Wealth - Master Vacation Bundle,Like a Dragon: Infinite Wealth - Pacote de Férias de Mestre,likeadragoninfinitewealthpacotedeferiasdemestre,igdb_alias_or_localization,medium
Like a Dragon: Infinite Wealth - Master Vacation Bundle,Like a Dragon: Infinite Wealth Master Vacation-bundel,likeadragoninfinitewealthmastervacationbundel,igdb_alias_or_localization,medium
Like a Dragon: Infinite Wealth - Master Vacation Bundle,Like a Dragon: Infinite Wealth – Zestaw Wakacje Premium,likeadragoninfinitewealthzestawwakacjepremium,igdb_alias_or_localization,medium
Like a Dragon: Infinite Wealth - Master Vacation Bundle,Paquete de vacaciones de maestro Like a Dragon: Infinite Wealth,paquetedevacacionesdemaestrolikeadragoninfinitewealth,igdb_alias_or_localization,medium
Like a Dragon: Infinite Wealth - Master Vacation Bundle,大師度假包,大師度假包,igdb_alias_or_localization,medium
Like a Dragon: Infinite Wealth - Master Vacation Bundle,终极度假包,终极度假包,igdb_alias_or_localization,medium
Like a Dragon: Infinite Wealth - Master Vacation Bundle,マスターズバケーションパック,マスターズバケーションパック,igdb_alias_or_localization,medium
Limbus Company,Limbus Company,limbuscompany,csv_source,high
Limbus Company,LimbusCompany.exe,limbuscompanyexe,igdb_alias_or_localization,high
Live A Live,Live A Live,livealive,csv_source,medium
Live A Live,LIVE A ƎVI⅃,liveavi,igdb_alias_or_localization,medium
Live A Live,ライブ・ア・ライブ,ライブ・ア・ライブ,igdb_alias_or_localization,medium
Love Live! School Idol Festival,Love Live! School Idol Festival,loveliveschoolidolfestival,csv_source,high
Love Live! School Idol Festival,LLSIF,llsif,igdb_alias_or_localization,high
Love Live! School Idol Festival,Rabu raibu! Sukūru Aidoru Fesutibaru,raburaibusukuruaidorufesutibaru,igdb_alias_or_localization,high
Love Live! School Idol Festival,러브라이브! School Idol festival,schoolidolfestival,igdb_alias_or_localization,high
Love Live! School Idol Festival,ラブライブ！スクールアイドルフェスティバル,ラブライブスクールアイドルフェスティバル,igdb_alias_or_localization,high
Maimai,maimai,maimai,csv_source,medium
Maimai,舞萌,舞萌,igdb_alias_or_localization,medium
Maimai,マイマイ,マイマイ,igdb_alias_or_localization,medium
Mario & Luigi: Bowser's Inside Story,Mario & Luigi: Bowser's Inside Story,marioluigibowsersinsidestory,csv_source,medium
Mario & Luigi: Bowser's Inside Story,Mario et Luigi : Voyage au centre de Bowser,marioetluigivoyageaucentredebowser,igdb_alias_or_localization,medium
Mario & Luigi: Bowser's Inside Story,Mario & Luigi RPG 3!!!,marioluigirpg3,igdb_alias_or_localization,medium
Mario & Luigi: Bowser's Inside Story,マリオ&ルイージRPG3,マリオルイージrpg3,igdb_alias_or_localization,medium
Mario & Luigi: Bowser's Inside Story,마리오&루이지 RPG 3: 쿠파 몸속 대모험,rpg3,igdb_alias_or_localization,medium
Mario Kart 64,Mario Kart 64,mariokart64,csv_source,high
Mario Kart 64,MK64,mk64,igdb_alias_or_localization,high
Mario Kart 64,Super Mario Kart R,supermariokartr,igdb_alias_or_localization,high
Mario Kart 64,马力欧卡丁车,马力欧卡丁车,igdb_alias_or_localization,high
Mario Kart 64,瑪利歐賽車64,瑪利歐賽車64,igdb_alias_or_localization,high
Mario Kart 64,Mario Kateu 64,mariokateu64,igdb_alias_or_localization,high
Mario Kart 64,Mario Kart Roku-juu Yon,mariokartrokujuuyon,igdb_alias_or_localization,high
Mario Kart 64,Maliou Kadingche,malioukadingche,igdb_alias_or_localization,high
Mario Kart 64,Mario Kǎdīngchē,mariokadingche,igdb_alias_or_localization,high
Mario Kart 64,マリオカート64,マリオカート64,igdb_alias_or_localization,high
Mario Kart 8 Deluxe,Mario Kart 8 Deluxe,mariokart8deluxe,csv_source,high
Mario Kart 8 Deluxe,マリオカート8 デラックス,マリオカート8デラックス,igdb_alias_or_localization,high
Mario Kart Wii,Mario Kart Wii,mariokartwii,csv_source,medium
Mario Kart Wii,MKW,mkw,igdb_alias_or_localization,medium
Mario Kart Wii,Mario Racing Wii,marioracingwii,igdb_alias_or_localization,medium
Mario Kart Wii,瑪利歐賽車 Wii,瑪利歐賽車wii,igdb_alias_or_localization,medium
Mario Kart Wii,Mǎlìōu Sàichē Wii,maliousaichewii,igdb_alias_or_localization,medium
Mario Kart Wii,马力欧卡丁车Wii,马力欧卡丁车wii,igdb_alias_or_localization,medium
Mario Kart Wii,Mario Sàichē Wii,mariosaichewii,igdb_alias_or_localization,medium
Mario Kart Wii,マリオカート Wii,マリオカートwii,igdb_alias_or_localization,medium
Mass Effect,Mass Effect,masseffect,csv_source,medium
Mass Effect,Mass Effect 1,masseffect1,igdb_alias_or_localization,medium
Mass Effect,ME,me,igdb_alias_or_localization,medium
Mass Effect 2,Mass Effect 2,masseffect2,csv_source,medium
Mass Effect 2,ME2,me2,igdb_alias_or_localization,medium
Mega Man 2,Mega Man 2,megaman2,csv_source,medium
Mega Man 2,Megaman II,megamanii,igdb_alias_or_localization,medium
Mega Man 2,ロックマン2 Dr.ワイリーの謎,ロックマン2drワイリーの謎,igdb_alias_or_localization,medium
Mega Man 3,Mega Man 3,megaman3,csv_source,medium
Mega Man 3,Rockman 3 Dr. Wily no Saigo!?,rockman3drwilynosaigo,igdb_alias_or_localization,medium
Mega Man 3,Rockman 3,rockman3,igdb_alias_or_localization,medium
Mega Man 3,Rockman 3: The End of Dr. Wily!?,rockman3theendofdrwily,igdb_alias_or_localization,medium
Mega Man 3,ロックマン3 Dr.ワイリーの最期!?,ロックマン3drワイリーの最期,igdb_alias_or_localization,medium
Mega Man X,Mega Man X,megamanx,csv_source,medium
Mega Man X,Rockman X,rockmanx,igdb_alias_or_localization,medium
Mega Man X,MMX,mmx,igdb_alias_or_localization,medium
Mega Man X,ロックマン X,ロックマンx,igdb_alias_or_localization,medium
Mega Man X4,Mega Man X4,megamanx4,csv_source,high
Mega Man X4,Rockman X4,rockmanx4,igdb_alias_or_localization,high
Mega Man X4,洛克人X4,洛克人x4,igdb_alias_or_localization,high
Mega Man X4,MMX4,mmx4,igdb_alias_or_localization,high
Mega Man X4,X4,x4,igdb_alias_or_localization,high
Mega Man X4,ロックマンX4,ロックマンx4,igdb_alias_or_localization,high
Metal Gear Rising: Revengeance,Metal Gear Rising: Revengeance,metalgearrisingrevengeance,csv_source,high
Metal Gear Rising: Revengeance,MGRR,mgrr,igdb_alias_or_localization,high
Metal Gear Rising: Revengeance,MGR: Revengeance,mgrrevengeance,igdb_alias_or_localization,high
Metal Gear Rising: Revengeance,MGS: Rising,mgsrising,igdb_alias_or_localization,high
Metal Gear Rising: Revengeance,Metal Gear: Rising,metalgearrising,igdb_alias_or_localization,high
Metal Gear Rising: Revengeance,METAL GEAR RISING REVENGEANCE.exe,metalgearrisingrevengeanceexe,igdb_alias_or_localization,high
Metal Gear Rising: Revengeance,メタルギア ライジング リベンジェンス,メタルギアライジングリベンジェンス,igdb_alias_or_localization,high
Metal Gear Solid,Metal Gear Solid,metalgearsolid,csv_source,medium
Metal Gear Solid,MGS,mgs,igdb_alias_or_localization,medium
Metal Gear Solid,MGS1,mgs1,igdb_alias_or_localization,medium
Metal Gear Solid,特攻神諜,特攻神諜,igdb_alias_or_localization,medium
Metal Gear Solid,Metal Gear 3,metalgear3,igdb_alias_or_localization,medium
Metal Gear Solid,メタルギアソリッド,メタルギアソリッド,igdb_alias_or_localization,medium
Metal Gear Solid 2: Sons of Liberty,Metal Gear Solid 2: Sons of Liberty,metalgearsolid2sonsofliberty,csv_source,high
Metal Gear Solid 2: Sons of Liberty,潛龍諜影2 自由之子,潛龍諜影2自由之子,igdb_alias_or_localization,high
Metal Gear Solid 2: Sons of Liberty,MGS2,mgs2,igdb_alias_or_localization,high
Metal Gear Solid 2: Sons of Liberty,Metal Gear Solid 2,metalgearsolid2,igdb_alias_or_localization,high
Metal Gear Solid 2: Sons of Liberty,メタルギアソリッド2 サンズ オブ リバティ,メタルギアソリッド2サンズオブリバティ,igdb_alias_or_localization,high
Metal Gear Solid 3: Snake Eater,Metal Gear Solid 3: Snake Eater,metalgearsolid3snakeeater,csv_source,high
Metal Gear Solid 3: Snake Eater,MGS3,mgs3,igdb_alias_or_localization,high
Metal Gear Solid 3: Snake Eater,MGS3: SE,mgs3se,igdb_alias_or_localization,high
Metal Gear Solid 3: Snake Eater,メタルギアソリッド3 スネーク イーター,メタルギアソリッド3スネークイーター,igdb_alias_or_localization,high
Metal Gear Solid 4: Guns of the Patriots,Metal Gear Solid 4: Guns of the Patriots,metalgearsolid4gunsofthepatriots,csv_source,high
Metal Gear Solid 4: Guns of the Patriots,MGS4,mgs4,igdb_alias_or_localization,high
Metal Gear Solid 4: Guns of the Patriots,Metal Gear Solid IV,metalgearsolidiv,igdb_alias_or_localization,high
Metaphor: ReFantazio,Metaphor: ReFantazio,metaphorrefantazio,csv_source,high
Metaphor: ReFantazio,Project Re Fantasy: A Fool's Journey Begins,projectrefantasyafoolsjourneybegins,igdb_alias_or_localization,high
Metaphor: ReFantazio,暗喻幻想：ReFantazio,暗喻幻想refantazio,igdb_alias_or_localization,high
Metaphor: ReFantazio,メタファー：リファンタジオ,メタファーリファンタジオ,igdb_alias_or_localization,high
Metaphor: ReFantazio,Metafaa：rifantajio,metafaarifantajio,igdb_alias_or_localization,high
Metroid Dread,Metroid Dread,metroiddread,csv_source,medium
Metroid Dread,メトロイド ドレッド,メトロイドドレッド,igdb_alias_or_localization,medium
Metroid Prime,Metroid Prime,metroidprime,csv_source,medium
Metroid Prime,MP,mp,igdb_alias_or_localization,medium
Minecraft,Minecraft,minecraft,csv_source,high
Minecraft,Minecraft: Bedrock Edition,minecraftbedrockedition,igdb_alias_or_localization,high
Minecraft,Minecraft: Windows 10 Edition,minecraftwindows10edition,igdb_alias_or_localization,high
Minecraft,Minecraft: Pocket Edition,minecraftpocketedition,igdb_alias_or_localization,high
Minecraft,Minecraft: Amazon Fire TV Edition,minecraftamazonfiretvedition,igdb_alias_or_localization,high
Minecraft,MC,mc,igdb_alias_or_localization,high
Minecraft,Minecraft for Windows,minecraftforwindows,igdb_alias_or_localization,high
Minecraft: Java Edition,Minecraft: Java Edition,minecraftjavaedition,csv_source,high
Minecraft: Java Edition,當個創世神,當個創世神,igdb_alias_or_localization,high
Minecraft: Java Edition,マインクラフト,マインクラフト,igdb_alias_or_localization,high
Monster Hunter 2,Monster Hunter 2,monsterhunter2,csv_source,high
Monster Hunter 2,Monster Hunter Dos,monsterhunterdos,igdb_alias_or_localization,high
Monster Hunter 2,モンスターハンター2 (ドス),モンスターハンター2ドス,igdb_alias_or_localization,high
Monster Hunter 4,Monster Hunter 4,monsterhunter4,csv_source,high
Monster Hunter 4,MH4,mh4,igdb_alias_or_localization,high
Monster Hunter 4,モンスターハンター 4,モンスターハンター4,igdb_alias_or_localization,high
Monster Hunter Freedom Unite,Monster Hunter Freedom Unite,monsterhunterfreedomunite,csv_source,high
Monster Hunter Freedom Unite,Monster Hunter Portable 2nd G,monsterhunterportable2ndg,igdb_alias_or_localization,high
Monster Hunter Freedom Unite,Monster Hunter Freedom 2G,monsterhunterfreedom2g,igdb_alias_or_localization,high
Monster Hunter Freedom Unite,モンスターハンターポータブル 2nd G,モンスターハンターポータブル2ndg,igdb_alias_or_localization,high
Monster Hunter Generations Ultimate,Monster Hunter Generations Ultimate,monsterhuntergenerationsultimate,csv_source,high
Monster Hunter Generations Ultimate,Monster Hunter Double Cross,monsterhunterdoublecross,igdb_alias_or_localization,high
Monster Hunter Generations Ultimate,Monster Hunter XX,monsterhunterxx,igdb_alias_or_localization,high
Monster Hunter Generations Ultimate,MHXX,mhxx,igdb_alias_or_localization,high
Monster Hunter Generations Ultimate,モンスターハンターダブルクロス,モンスターハンターダブルクロス,igdb_alias_or_localization,high
Monster Hunter Rise,Monster Hunter Rise,monsterhunterrise,csv_source,high
Monster Hunter Rise,魔物獵人：崛起,魔物獵人崛起,igdb_alias_or_localization,high
Monster Hunter Rise,怪物猎人：崛起,怪物猎人崛起,igdb_alias_or_localization,high
Monster Hunter Rise,MonsterHunterRise.exe,monsterhunterriseexe,igdb_alias_or_localization,high
Monster Hunter Rise,モンスターハンターライズ,モンスターハンターライズ,igdb_alias_or_localization,high
Monster Hunter Rise: Sunbreak,Monster Hunter Rise: Sunbreak,monsterhunterrisesunbreak,csv_source,high
Monster Hunter Rise: Sunbreak,モンスターハンターライズ：サンブレイク,モンスターハンターライズサンブレイク,igdb_alias_or_localization,high
Monster Hunter Tri,Monster Hunter 3,monsterhunter3,csv_source,high
Monster Hunter Tri,Monster Hunter Tri,monsterhuntertri,logical_name,high
Monster Hunter Tri,Monster Hunter 3 (tri-),monsterhunter3tri,igdb_alias_or_localization,high
Monster Hunter Tri,モンスターハンター3,モンスターハンター3,igdb_alias_or_localization,high
Monster Hunter Wilds,Monster Hunter Wilds,monsterhunterwilds,csv_source,high
Monster Hunter Wilds,魔物獵人 荒野,魔物獵人荒野,igdb_alias_or_localization,high
Monster Hunter Wilds,モンスターハンターワイルズ,モンスターハンターワイルズ,igdb_alias_or_localization,high
Monster Hunter: World - Iceborne,Monster Hunter: World - Iceborne,monsterhunterworldiceborne,csv_source,high
Monster Hunter: World - Iceborne,怪物猎人世界冰原,怪物猎人世界冰原,igdb_alias_or_localization,high
Monster Hunter: World - Iceborne,モンスターハンターワールド：アイスボーン,モンスターハンターワールドアイスボーン,igdb_alias_or_localization,high
Mother 3,Mother 3,mother3,csv_source,medium
Mother 3,EarthBound 2,earthbound2,igdb_alias_or_localization,medium
Mother 3,マザー3,マザー3,igdb_alias_or_localization,medium
Mother 3,マザースリー,マザースリー,igdb_alias_or_localization,medium
NEO: The World Ends with You,NEO: The World Ends with You,neotheworldendswithyou,csv_source,high
NEO: The World Ends with You,NEO: TWEWY,neotwewy,igdb_alias_or_localization,high
NEO: The World Ends with You,NTWEWY,ntwewy,igdb_alias_or_localization,high
NEO: The World Ends with You,NEO The World Ends with You.exe,neotheworldendswithyouexe,igdb_alias_or_localization,high
NEO: The World Ends with You,新すばらしきこのせかい,新すばらしきこのせかい,igdb_alias_or_localization,high
Nier Replicant,NieR Replicant,nierreplicant,csv_source,high
Nier Replicant,Niia Repurikanto,niiarepurikanto,igdb_alias_or_localization,high
Nier Replicant,Nīa Repurikanto,niarepurikanto,igdb_alias_or_localization,high
Nier Replicant,NieR Brother,nierbrother,igdb_alias_or_localization,high
Nier Replicant,ニーア レプリカント,ニーアレプリカント,igdb_alias_or_localization,high
NieR: Automata,NieR: Automata,nierautomata,csv_source,high
NieR: Automata,NieR New Project,niernewproject,igdb_alias_or_localization,high
NieR: Automata,Niia Outoumata,niiaoutoumata,igdb_alias_or_localization,high
NieR: Automata,NieRAutomata.exe,nierautomataexe,igdb_alias_or_localization,high
NieR: Automata,ニーア オートマタ,ニーアオートマタ,igdb_alias_or_localization,high
Nights Into Dreams...,NiGHTS into Dreams...,nightsintodreams,csv_source,medium
Nights Into Dreams...,Nights,nights,igdb_alias_or_localization,medium
Nights Into Dreams...,Naitsu,naitsu,igdb_alias_or_localization,medium
Nights Into Dreams...,ナイツ,ナイツ,igdb_alias_or_localization,medium
Octopath Traveler,Octopath Traveler,octopathtraveler,csv_source,high
Octopath Traveler,OCTOPATH TRAVELER™,octopathtravelertm,igdb_alias_or_localization,high
Octopath Traveler,岐路旅人,岐路旅人,igdb_alias_or_localization,high
Octopath Traveler,歧路旅人,歧路旅人,igdb_alias_or_localization,high
Octopath Traveler,Octopath_Traveler.exe,octopathtravelerexe,igdb_alias_or_localization,high
Octopath Traveler,Project OCTOPATH TRAVELER,projectoctopathtraveler,igdb_alias_or_localization,high
Octopath Traveler,オクトパストラベラー,オクトパストラベラー,igdb_alias_or_localization,high
Octopath Traveler II,Octopath Traveler II,octopathtravelerii,csv_source,high
Octopath Traveler II,OT2,ot2,igdb_alias_or_localization,high
Octopath Traveler II,Octopath_Traveler2-Win64-Shipping.exe,octopathtraveler2win64shippingexe,igdb_alias_or_localization,high
Octopath Traveler II,オクトパストラベラーⅡ,オクトパストラベラーii,igdb_alias_or_localization,high
Ōkami,Ōkami,okami,csv_source,high
Ōkami,Ookami,ookami,igdb_alias_or_localization,high
Ōkami,大神,大神,igdb_alias_or_localization,high
Omori,OMORI,omori,csv_source,high
Omori,OMORI.exe,omoriexe,igdb_alias_or_localization,high
OneShot,OneShot,oneshot,csv_source,medium
Ori and the Blind Forest,Ori and the Blind Forest,oriandtheblindforest,csv_source,high
Ori and the Blind Forest,Ori.exe,oriexe,igdb_alias_or_localization,high
Ori and the Will of the Wisps,Ori and the Will of the Wisps,oriandthewillofthewisps,csv_source,high
Ori and the Will of the Wisps,精灵与萤火意志,精灵与萤火意志,igdb_alias_or_localization,high
Ori and the Will of the Wisps,オリアンドウィルオブザウィスプス,オリアンドウィルオブザウィスプス,igdb_alias_or_localization,high
Paper Mario,Paper Mario,papermario,csv_source,medium
Paper Mario,Zhi Pian Mario,zhipianmario,igdb_alias_or_localization,medium
Paper Mario,Mario Story,mariostory,igdb_alias_or_localization,medium
Paper Mario,纸片马里奥,纸片马里奥,igdb_alias_or_localization,medium
Paper Mario,Super Mario RPG 2,supermariorpg2,igdb_alias_or_localization,medium
Paper Mario,纸片马力欧,纸片马力欧,igdb_alias_or_localization,medium
Paper Mario,マリオストーリー,マリオストーリー,igdb_alias_or_localization,medium
Paper Mario: The Thousand-Year Door,Paper Mario: The Thousand-Year Door,papermariothethousandyeardoor,csv_source,medium
Paper Mario: The Thousand-Year Door,Paper Mario : La Porte millénaire,papermariolaportemillenaire,igdb_alias_or_localization,medium
Paper Mario: The Thousand-Year Door,Paper Mario 2,papermario2,igdb_alias_or_localization,medium
Paper Mario: The Thousand-Year Door,Paper Mario: La Puerta Milenaria,papermariolapuertamilenaria,igdb_alias_or_localization,medium
Paper Mario: The Thousand-Year Door,Paper Mario: Die Legende vom Äonentor,papermariodielegendevomaonentor,igdb_alias_or_localization,medium
Paper Mario: The Thousand-Year Door,페이퍼 마리오 1000년의 문,1000,igdb_alias_or_localization,medium
Paper Mario: The Thousand-Year Door,TTYD,ttyd,igdb_alias_or_localization,medium
Paper Mario: The Thousand-Year Door,ペーパーマリオRPG,ペーパーマリオrpg,igdb_alias_or_localization,medium
Persona 3,Persona 3,persona3,csv_source,high
Persona 3,Shin Megami Tensei: Persona 3,shinmegamitenseipersona3,igdb_alias_or_localization,high
Persona 3,smt:p3,smtp3,igdb_alias_or_localization,high
Persona 3,P3,p3,igdb_alias_or_localization,high
Persona 3,Persona III,personaiii,igdb_alias_or_localization,high
Persona 3,ペルソナ3,ペルソナ3,igdb_alias_or_localization,high
Persona 3 Reload,Persona 3 Reload,persona3reload,csv_source,high
Persona 3 Reload,P3R,p3r,igdb_alias_or_localization,high
Persona 3 Reload,女神異聞錄3 Reload,女神異聞錄3reload,igdb_alias_or_localization,high
Persona 3 Reload,女神异闻录3 Reload,女神异闻录3reload,igdb_alias_or_localization,high
Persona 3 Reload,ペルソナ 3 リロード,ペルソナ3リロード,igdb_alias_or_localization,high
Persona 4,Persona 4,persona4,csv_source,high
Persona 4,P4,p4,igdb_alias_or_localization,high
Persona 4,Shin Megami Tensei: Persona 4,shinmegamitenseipersona4,igdb_alias_or_localization,high
Persona 4,ペルソナ4,ペルソナ4,igdb_alias_or_localization,high
Persona 5,Persona 5,persona5,csv_source,high
Persona 5,P5,p5,igdb_alias_or_localization,high
Persona 5,Shin Megami Tensei: Persona 5,shinmegamitenseipersona5,igdb_alias_or_localization,high
Persona 5,女神異聞錄5,女神異聞錄5,igdb_alias_or_localization,high
Persona 5,女神异闻录5,女神异闻录5,igdb_alias_or_localization,high
Persona 5,ペルソナ5,ペルソナ5,igdb_alias_or_localization,high
Persona 5 Royal,Persona 5 Royal,persona5royal,csv_source,high
Persona 5 Royal,P5R,p5r,igdb_alias_or_localization,high
Persona 5 Royal,Persona 5 The Royal,persona5theroyal,igdb_alias_or_localization,high
Persona 5 Royal,女神异闻录5 皇家版,女神异闻录5皇家版,igdb_alias_or_localization,high
Persona 5 Royal,女神異聞錄5 皇家版,女神異聞錄5皇家版,igdb_alias_or_localization,high
Persona 5 Royal,P5R.exe,p5rexe,igdb_alias_or_localization,high
Persona 5 Royal,ペルソナ 5 ザ・ロイヤル,ペルソナ5ザ・ロイヤル,igdb_alias_or_localization,high
Pikmin,Pikmin,pikmin,csv_source,medium
Pikmin,Picky,picky,igdb_alias_or_localization,medium
Pikmin,Piki,piki,igdb_alias_or_localization,medium
Pikmin,Pikmin 1,pikmin1,igdb_alias_or_localization,medium
Pikmin,ピクミン,ピクミン,igdb_alias_or_localization,medium
Pikmin 2,Pikmin 2,pikmin2,csv_source,medium
Pikmin 2,ピクミン 2,ピクミン2,igdb_alias_or_localization,medium
Pizza Tower,Pizza Tower,pizzatower,csv_source,high
Pokémon Legends: Arceus,Pokémon Legends: Arceus,pokemonlegendsarceus,csv_source,high
Pokémon Legends: Arceus,Légendes Pokémon : Arceus,legendespokemonarceus,igdb_alias_or_localization,high
Pokémon Legends: Arceus,Leyendas Pokémon: Arceus,leyendaspokemonarceus,igdb_alias_or_localization,high
Pokémon Legends: Arceus,Pokémon-Legenden: Arceus,pokemonlegendenarceus,igdb_alias_or_localization,high
Pokémon Legends: Arceus,Leggende Pokémon: Arceus,leggendepokemonarceus,igdb_alias_or_localization,high
Pokémon Legends: Arceus,PLA,pla,igdb_alias_or_localization,high
Pokémon Omega Ruby and Alpha Sapphire,Pokémon Omega Ruby and Alpha Sapphire,pokemonomegarubyandalphasapphire,csv_source,high
Pokémon Omega Ruby and Alpha Sapphire,Pokémon Omega Ruby,pokemonomegaruby,igdb_name,high
Pokémon Omega Ruby and Alpha Sapphire,Pokémon Rubis Oméga,pokemonrubisomega,igdb_alias_or_localization,high
Pokémon Omega Ruby and Alpha Sapphire,Pokémon Rubí Omega,pokemonrubiomega,igdb_alias_or_localization,high
Pokémon Omega Ruby and Alpha Sapphire,Pokémon Omega Rubin,pokemonomegarubin,igdb_alias_or_localization,high
Pokémon Omega Ruby and Alpha Sapphire,Pokémon Rubino Omega,pokemonrubinoomega,igdb_alias_or_localization,high
Pokémon Omega Ruby and Alpha Sapphire,Pocket Monsters Omega Ruby,pocketmonstersomegaruby,igdb_alias_or_localization,high
Pokémon Omega Ruby and Alpha Sapphire,ポケットモンスター オメガルビー,ポケットモンスターオメガルビー,igdb_alias_or_localization,high
Pokémon Omega Ruby and Alpha Sapphire,Pokémon Alpha Sapphire,pokemonalphasapphire,igdb_name,high
Pokémon Omega Ruby and Alpha Sapphire,Pokémon Saphir Alpha,pokemonsaphiralpha,igdb_alias_or_localization,high
Pokémon Omega Ruby and Alpha Sapphire,Pokémon Zafiro Alfa,pokemonzafiroalfa,igdb_alias_or_localization,high
Pokémon Omega Ruby and Alpha Sapphire,Pokémon Alpha Saphir,pokemonalphasaphir,igdb_alias_or_localization,high
Pokémon Omega Ruby and Alpha Sapphire,Pokémon Zaffiro Alpha,pokemonzaffiroalpha,igdb_alias_or_localization,high
Pokémon Omega Ruby and Alpha Sapphire,Pocket Monsters Alpha Sapphire,pocketmonstersalphasapphire,igdb_alias_or_localization,high
Pokémon Omega Ruby and Alpha Sapphire,ポケットモンスター アルファサファイア,ポケットモンスターアルファサファイア,igdb_alias_or_localization,high
Pokémon Omega Ruby and Alpha Sapphire,ポケモンORAS,ポケモンoras,abbreviation,high
Pokémon Omega Ruby and Alpha Sapphire,Pokemon ORAS,pokemonoras,abbreviation,high
Pokémon Platinum Version,Pokémon Platinum,pokemonplatinum,csv_source,high
Pokémon Platinum Version,Pokémon Platinum Version,pokemonplatinumversion,logical_name,high
Pokémon Platinum Version,Pokémon Platino,pokemonplatino,igdb_alias_or_localization,high
Pokémon Platinum Version,Pokémon Platine,pokemonplatine,igdb_alias_or_localization,high
Pokémon Platinum Version,Pokémon Platin,pokemonplatin,igdb_alias_or_localization,high
Pokémon Platinum Version,Pocket Monsters Platinum,pocketmonstersplatinum,igdb_alias_or_localization,high
Pokémon Platinum Version,口袋妖怪 - 白金,口袋妖怪白金,igdb_alias_or_localization,high
Pokémon Platinum Version,Pocket Monsters Pt: Giratina,pocketmonstersptgiratina,igdb_alias_or_localization,high
Pokémon Platinum Version,ポケットモンスター プラチナ,ポケットモンスタープラチナ,igdb_alias_or_localization,high
Pokémon Platinum Version,포켓몬스터Pt 기라티나,pt,igdb_alias_or_localization,high
Pokémon Ultra Sun and Ultra Moon,Pokémon Ultra Sun and Ultra Moon,pokemonultrasunandultramoon,csv_source,high
Pokémon Ultra Sun and Ultra Moon,Pokémon Ultra Sun,pokemonultrasun,igdb_name,high
Pokémon Ultra Sun and Ultra Moon,Pokémon Ultrasole,pokemonultrasole,igdb_alias_or_localization,high
Pokémon Ultra Sun and Ultra Moon,Pokémon Ultrasol,pokemonultrasol,igdb_alias_or_localization,high
Pokémon Ultra Sun and Ultra Moon,Pokémon Ultra-Soleil,pokemonultrasoleil,igdb_alias_or_localization,high
Pokémon Ultra Sun and Ultra Moon,Pokémon Ultrasonne,pokemonultrasonne,igdb_alias_or_localization,high
Pokémon Ultra Sun and Ultra Moon,Pokémon US,pokemonus,igdb_alias_or_localization,high
Pokémon Ultra Sun and Ultra Moon,Pocket Monsters Ultra Sun,pocketmonstersultrasun,igdb_alias_or_localization,high
Pokémon Ultra Sun and Ultra Moon,精灵宝可梦 究极之日,精灵宝可梦究极之日,igdb_alias_or_localization,high
Pokémon Ultra Sun and Ultra Moon,Jīnglíng Bǎokěmèng Jiūjí-zhī Rì,jinglingbaokemengjiujizhiri,igdb_alias_or_localization,high
Pokémon Ultra Sun and Ultra Moon,ポケットモンスター ウルトラサン,ポケットモンスターウルトラサン,igdb_alias_or_localization,high
Pokémon Ultra Sun and Ultra Moon,Pokémon Ultra Moon,pokemonultramoon,igdb_name,high
Pokémon Ultra Sun and Ultra Moon,Pokémon Ultramond,pokemonultramond,igdb_alias_or_localization,high
Pokémon Ultra Sun and Ultra Moon,Pokémon Ultraluna,pokemonultraluna,igdb_alias_or_localization,high
Pokémon Ultra Sun and Ultra Moon,Pokémon Ultra-Lune,pokemonultralune,igdb_alias_or_localization,high
Pokémon Ultra Sun and Ultra Moon,Pokémon UM,pokemonum,igdb_alias_or_localization,high
Pokémon Ultra Sun and Ultra Moon,Pocket Monsters Ultra Moon,pocketmonstersultramoon,igdb_alias_or_localization,high
Pokémon Ultra Sun and Ultra Moon,精灵宝可梦 究极之月,精灵宝可梦究极之月,igdb_alias_or_localization,high
Pokémon Ultra Sun and Ultra Moon,Jīnglíng Bǎokěmèng Jiūjí-zhī Yuè,jinglingbaokemengjiujizhiyue,igdb_alias_or_localization,high
Pokémon Ultra Sun and Ultra Moon,ポケットモンスター ウルトラムーン,ポケットモンスターウルトラムーン,igdb_alias_or_localization,high
Pokémon Ultra Sun and Ultra Moon,ポケモンUSUM,ポケモンusum,abbreviation,high
Pokémon Ultra Sun and Ultra Moon,Pokemon USUM,pokemonusum,abbreviation,high
Pop'n music,pop'n music,popnmusic,csv_source,medium
Portal,Portal,portal,csv_source,medium
Portal,Portal: A Computer Novel,portalacomputernovel,igdb_alias_or_localization,medium
Portal 2,Portal 2,portal2,csv_source,high
Portal 2,portal2.exe,portal2exe,igdb_alias_or_localization,high
Portal 2,ポータル2,ポータル2,igdb_alias_or_localization,high
Princess Connect! Re:Dive,Princess Connect! Re:Dive,princessconnectredive,csv_source,high
Princess Connect! Re:Dive,プリコネR,プリコネr,igdb_alias_or_localization,high
Princess Connect! Re:Dive,超異域公主連結！Re:Dive,超異域公主連結redive,igdb_alias_or_localization,high
Princess Connect! Re:Dive,公主连结Re:Dive,公主连结redive,igdb_alias_or_localization,high
Princess Connect! Re:Dive,PriconneR,priconner,igdb_alias_or_localization,high
Princess Connect! Re:Dive,프린세스 커넥트! Re:Dive,redive,igdb_alias_or_localization,high
Princess Connect! Re:Dive,プリンセスコネクト！Re:Dive,プリンセスコネクトredive,igdb_alias_or_localization,high
Punishing: Gray Raven,Punishing: Gray Raven,punishinggrayraven,csv_source,high
Punishing: Gray Raven,战双帕弥什,战双帕弥什,igdb_alias_or_localization,high
Punishing: Gray Raven,戰雙帕彌什,戰雙帕彌什,igdb_alias_or_localization,high
Punishing: Gray Raven,Zhanshuang pamishen,zhanshuangpamishen,igdb_alias_or_localization,high
Punishing: Gray Raven,PGR,pgr,igdb_alias_or_localization,high
Punishing: Gray Raven,PGR.exe,pgrexe,igdb_alias_or_localization,high
Punishing: Gray Raven,パニシング：グレイレイヴン,パニシンググレイレイヴン,igdb_alias_or_localization,high
Red Dead Redemption 2,Red Dead Redemption 2,reddeadredemption2,csv_source,high
Red Dead Redemption 2,RDR 2,rdr2,igdb_alias_or_localization,high
Red Dead Redemption 2,荒野大镖客2,荒野大镖客2,igdb_alias_or_localization,high
Red Dead Redemption 2,Red Dead Redemption II,reddeadredemptionii,igdb_alias_or_localization,high
Red Dead Redemption 2,PlayRDR2.exe,playrdr2exe,igdb_alias_or_localization,high
Red Dead Redemption 2,レッド・デッド・リデンプション2,レッド・デッド・リデンプション2,igdb_alias_or_localization,high
Red Dead Redemption 2,レッドデッドリデンプション2,レッドデッドリデンプション2,igdb_alias_or_localization,high
Resident Evil 2,Resident Evil 2,residentevil2,csv_source,medium
Resident Evil 2,Biohazard 2 Value Plus,biohazard2valueplus,igdb_alias_or_localization,medium
Resident Evil 2,RE2,re2,igdb_alias_or_localization,medium
Resident Evil 2,惡靈古堡2,惡靈古堡2,igdb_alias_or_localization,medium
Resident Evil 2,Resident Evil 2 Platinum,residentevil2platinum,igdb_alias_or_localization,medium
Resident Evil 2,Biohazard 2,biohazard2,igdb_alias_or_localization,medium
Resident Evil 2,バイオハザード2,バイオハザード2,igdb_alias_or_localization,medium
Resident Evil 4,Resident Evil 4,residentevil4,csv_source,medium
Resident Evil 4,RE4,re4,igdb_alias_or_localization,medium
Resident Evil 4,生化危机4,生化危机4,igdb_alias_or_localization,medium
Resident Evil 4,惡靈古堡4,惡靈古堡4,igdb_alias_or_localization,medium
Resident Evil 4,Biohazard 4,biohazard4,igdb_alias_or_localization,medium
Resident Evil 4,バイオハザード4,バイオハザード4,igdb_alias_or_localization,medium
Resident Evil 7: Biohazard,Resident Evil 7 biohazard,residentevil7biohazard,csv_source,high
Resident Evil 7: Biohazard,RE7,re7,igdb_alias_or_localization,high
Resident Evil 7: Biohazard,Resident Evil 7,residentevil7,igdb_alias_or_localization,high
Resident Evil 7: Biohazard,Resident Evil VII: Biohazard,residentevilviibiohazard,igdb_alias_or_localization,high
Resident Evil 7: Biohazard,Resident Evil 7: Biohazard - Grotesque Version,residentevil7biohazardgrotesqueversion,igdb_alias_or_localization,high
Resident Evil 7: Biohazard,re7.exe,re7exe,igdb_alias_or_localization,high
Resident Evil 7: Biohazard,バイオハザード7 レジデント イービル,バイオハザード7レジデントイービル,igdb_alias_or_localization,high
Resident Evil Village,Resident Evil Village,residentevilvillage,csv_source,high
Resident Evil Village,Resident Evil 8,residentevil8,igdb_alias_or_localization,high
Resident Evil Village,BIOHAZARD VILLAGE,biohazardvillage,igdb_alias_or_localization,high
Resident Evil Village,re8.exe,re8exe,igdb_alias_or_localization,high
Resident Evil Village,RE8 ,re8,igdb_alias_or_localization,high
Resident Evil Village,RE Village,revillage,igdb_alias_or_localization,high
Resident Evil Village,Resident Evil 8: Village,residentevil8village,igdb_alias_or_localization,high
Resident Evil Village,バイオハザード ヴィレッジ,バイオハザードヴィレッジ,igdb_alias_or_localization,high
Risk of Rain 2,Risk of Rain 2,riskofrain2,csv_source,high
Risk of Rain 2,Risk of Rain II,riskofrainii,igdb_alias_or_localization,high
Risk of Rain 2,RoR 2,ror2,igdb_alias_or_localization,high
Risk of Rain 2,Risk of Rain 2.exe,riskofrain2exe,igdb_alias_or_localization,high
Risk of Rain 2,リスク オブ レイン 2,リスクオブレイン2,igdb_alias_or_localization,high
Romancing SaGa 2,Romancing SaGa 2,romancingsaga2,csv_source,high
Romancing SaGa 2,Romanshingu Sa Ga Tsū,romanshingusagatsu,igdb_alias_or_localization,high
Romancing SaGa 2,rs2.exe,rs2exe,igdb_alias_or_localization,high
Romancing SaGa 2,ロマンシング サ・ガ2,ロマンシングサ・ガ2,igdb_alias_or_localization,high
Romancing SaGa 3,Romancing SaGa 3,romancingsaga3,csv_source,medium
Romancing SaGa 3,ロマンシング サ・ガ3,ロマンシングサ・ガ3,igdb_alias_or_localization,medium
SaGa Frontier,SaGa Frontier,sagafrontier,csv_source,high
SaGa Frontier,Romancing SaGa 4,romancingsaga4,igdb_alias_or_localization,high
SaGa Frontier,Romancing SaGa IV,romancingsagaiv,igdb_alias_or_localization,high
SaGa Frontier,サガ フロンティア,サガフロンティア,igdb_alias_or_localization,high
Secret of Mana,Secret of Mana,secretofmana,csv_source,medium
Secret of Mana,Seiken Densetsu 2,seikendensetsu2,igdb_alias_or_localization,medium
Secret of Mana,聖剣伝説 2,聖剣伝説2,igdb_alias_or_localization,medium
Sekiro: Shadows Die Twice,Sekiro: Shadows Die Twice,sekiroshadowsdietwice,csv_source,high
Sekiro: Shadows Die Twice,Shadows Die Twice,shadowsdietwice,igdb_alias_or_localization,high
Sekiro: Shadows Die Twice,Sekiro: Schatten Sterben Zweimal,sekiroschattensterbenzweimal,igdb_alias_or_localization,high
Sekiro: Shadows Die Twice,隻狼,隻狼,igdb_alias_or_localization,high
Sekiro: Shadows Die Twice,SEKIRO,sekiro,igdb_alias_or_localization,high
Sekiro: Shadows Die Twice,隻狼：暗影雙死,隻狼暗影雙死,igdb_alias_or_localization,high
Sekiro: Shadows Die Twice,只狼：影逝二度,只狼影逝二度,igdb_alias_or_localization,high
Sekiro: Shadows Die Twice,セキロ シャドウズ ダイ トゥワイス,セキロシャドウズダイトゥワイス,igdb_alias_or_localization,high
Shin Megami Tensei III: Nocturne,Shin Megami Tensei III: Nocturne,shinmegamitenseiiiinocturne,csv_source,high
Shin Megami Tensei III: Nocturne,真・女神転生III Nocturne,真・女神転生iiinocturne,igdb_alias_or_localization,high
Shin Megami Tensei IV,Shin Megami Tensei IV,shinmegamitenseiiv,csv_source,high
Shin Megami Tensei IV,Shin Megami Tensei 3DS,shinmegamitensei3ds,igdb_alias_or_localization,high
Shin Megami Tensei IV,SMT4,smt4,igdb_alias_or_localization,high
Shin Megami Tensei IV,SMTIV,smtiv,igdb_alias_or_localization,high
Shin Megami Tensei IV,Shin Megami Tensei 4,shinmegamitensei4,igdb_alias_or_localization,high
Shin Megami Tensei IV,真・女神転生Ⅳ,真・女神転生iv,igdb_alias_or_localization,high
Shin Megami Tensei V,Shin Megami Tensei V,shinmegamitenseiv,csv_source,high
Shin Megami Tensei V,SMT5,smt5,igdb_alias_or_localization,high
Shin Megami Tensei V,SMTV,smtv,igdb_alias_or_localization,high
Shin Megami Tensei V,Shin Megami Tensei: Brand New Title,shinmegamitenseibrandnewtitle,igdb_alias_or_localization,high
Shin Megami Tensei V,Shin Megami Tensei 5,shinmegamitensei5,igdb_alias_or_localization,high
Shin Megami Tensei V,真・女神転生Ⅴ,真・女神転生v,igdb_alias_or_localization,high
Shovel Knight,Shovel Knight,shovelknight,csv_source,high
Shovel Knight,Shovel Knight: Shovel of Hope,shovelknightshovelofhope,igdb_alias_or_localization,high
Shovel Knight,ShovelOfHope.exe,shovelofhopeexe,igdb_alias_or_localization,high
Shovel Knight,ショベルナイト,ショベルナイト,igdb_alias_or_localization,high
Silent Hill 2,Silent Hill 2,silenthill2,csv_source,medium
Silent Hill 2,寂静岭2,寂静岭2,igdb_alias_or_localization,medium
Silent Hill 2,サイレントヒル2,サイレントヒル2,igdb_alias_or_localization,medium
Silent Hill 3,Silent Hill 3,silenthill3,csv_source,medium
Silent Hill 3,sh3,sh3,igdb_alias_or_localization,medium
Silent Hill 3,寂静岭3,寂静岭3,igdb_alias_or_localization,medium
Silent Hill 3,寂靜之丘3,寂靜之丘3,igdb_alias_or_localization,medium
Silent Hill 3,Silent Hill III,silenthilliii,igdb_alias_or_localization,medium
Silent Hill 3,サイレントヒル3,サイレントヒル3,igdb_alias_or_localization,medium
Silent Hill f,Silent Hill,silenthill,csv_source,high
Silent Hill f,Silent Hill f,silenthillf,logical_name,high
Silent Hill f,Codename Sakura,codenamesakura,igdb_alias_or_localization,high
Silent Hill f,SHf.exe,shfexe,igdb_alias_or_localization,high
Sonic Adventure,Sonic Adventure,sonicadventure,csv_source,medium
Sonic Adventure,SA1,sa1,igdb_alias_or_localization,medium
Sonic Adventure,Sonic Adventure International ,sonicadventureinternational,igdb_alias_or_localization,medium
Sonic Adventure,SA,sa,igdb_alias_or_localization,medium
Sonic Adventure,ソニックアドベンチャー,ソニックアドベンチャー,igdb_alias_or_localization,medium
Sonic Adventure 2,Sonic Adventure 2,sonicadventure2,csv_source,medium
Sonic Adventure 2,SA2,sa2,igdb_alias_or_localization,medium
Sonic Adventure 2,ソニックアドベンチャー2,ソニックアドベンチャー2,igdb_alias_or_localization,medium
Sonic CD,Sonic CD,soniccd,csv_source,medium
Sonic CD,SCD,scd,igdb_alias_or_localization,medium
Sonic CD,Sonic the Hedgehog CD,sonicthehedgehogcd,igdb_alias_or_localization,medium
Sonic CD,ソニック ザ ヘッジホッグ CD,ソニックザヘッジホッグcd,igdb_alias_or_localization,medium
Sonic Colors,Sonic Colors,soniccolors,csv_source,medium
Sonic Colors,Sonic Colours,soniccolours,igdb_alias_or_localization,medium
Sonic Colors,ソニック カラーズ,ソニックカラーズ,igdb_alias_or_localization,medium
Sonic Frontiers,Sonic Frontiers,sonicfrontiers,csv_source,high
Sonic Frontiers,索尼克 未知邊境,索尼克未知邊境,igdb_alias_or_localization,high
Sonic Frontiers,Sonic Rangers,sonicrangers,igdb_alias_or_localization,high
Sonic Frontiers,Sonic 2022,sonic2022,igdb_alias_or_localization,high
Sonic Frontiers,索尼克 未知边境,索尼克未知边境,igdb_alias_or_localization,high
Sonic Frontiers,SonicFrontiers.exe,sonicfrontiersexe,igdb_alias_or_localization,high
Sonic Frontiers,ソニックフロンティア,ソニックフロンティア,igdb_alias_or_localization,high
Sonic Generations,Sonic Generations,sonicgenerations,csv_source,medium
Sonic Generations,Sonic Generations: White Time and Space,sonicgenerationswhitetimeandspace,igdb_alias_or_localization,medium
Sonic Generations,Sonic Anniversary,sonicanniversary,igdb_alias_or_localization,medium
Sonic Generations,Sonic Generations: Shiro no Jikuu,sonicgenerationsshironojikuu,igdb_alias_or_localization,medium
Sonic Generations,ソニック ジェネレーションズ白の時空,ソニックジェネレーションズ白の時空,igdb_alias_or_localization,medium
Sonic Heroes,Sonic Heroes,sonicheroes,csv_source,high
Sonic Heroes,SH,sh,igdb_alias_or_localization,high
Sonic Heroes,ソニック ヒーローズ,ソニックヒーローズ,igdb_alias_or_localization,high
Sonic the Hedgehog,Sonic the Hedgehog,sonicthehedgehog,csv_source,medium
Sonic the Hedgehog,STH,sth,igdb_alias_or_localization,medium
Sonic the Hedgehog,Sonic 1,sonic1,igdb_alias_or_localization,medium
Sonic the Hedgehog,ソニック・ザ・ヘッジホッグ,ソニック・ザ・ヘッジホッグ,igdb_alias_or_localization,medium
Sonic the Hedgehog 2,Sonic the Hedgehog 2,sonicthehedgehog2,csv_source,medium
Sonic the Hedgehog 2,Sonic 2 Game Gear,sonic2gamegear,igdb_alias_or_localization,medium
Sonic the Hedgehog 2,ソニックザヘッジホッグ２,ソニックザヘッジホッグ2,igdb_alias_or_localization,medium
Sonic Unleashed,Sonic Unleashed,sonicunleashed,csv_source,medium
Sonic Unleashed,Sonic Unleashed: La Malédiction du Hérisson,sonicunleashedlamaledictionduherisson,igdb_alias_or_localization,medium
Sonic Unleashed,Sonic World Adventure,sonicworldadventure,igdb_alias_or_localization,medium
Sonic Unleashed,ソニックワールドアドベンチャー,ソニックワールドアドベンチャー,igdb_alias_or_localization,medium
Sonic X Shadow Generations,Sonic X Shadow Generations,sonicxshadowgenerations,csv_source,high
Sonic X Shadow Generations,索尼克 × 夏特 世代重啟,索尼克夏特世代重啟,igdb_alias_or_localization,high
Sonic X Shadow Generations,索尼克 × 夏特 世代重启,索尼克夏特世代重启,igdb_alias_or_localization,high
Sonic X Shadow Generations,SONIC_X_SHADOW_GENERATIONS.exe,sonicxshadowgenerationsexe,igdb_alias_or_localization,high
Sonic X Shadow Generations,ソニック × シャドウ ジェネレーションズ,ソニックシャドウジェネレーションズ,igdb_alias_or_localization,high
Sound Voltex Nabla,SOUND VOLTEX,soundvoltex,csv_source,high
Sound Voltex Nabla,Sound Voltex Nabla,soundvoltexnabla,logical_name,high
Sound Voltex Nabla,サウンドボルテックス ナブラ,サウンドボルテックスナブラ,igdb_alias_or_localization,high
Splatoon,Splatoon,splatoon,csv_source,high
Splatoon,スプラトゥーン,スプラトゥーン,igdb_alias_or_localization,high
Splatoon 2,Splatoon 2,splatoon2,csv_source,high
Splatoon 2,スプラトゥーン2,スプラトゥーン2,igdb_alias_or_localization,high
Splatoon 3,Splatoon 3,splatoon3,csv_source,high
Splatoon 3,スプラトゥーン3,スプラトゥーン3,igdb_alias_or_localization,high
Stardew Valley,Stardew Valley,stardewvalley,csv_source,high
Stardew Valley,星露谷物语,星露谷物语,igdb_alias_or_localization,high
Stardew Valley,Stardew Valley.exe,stardewvalleyexe,igdb_alias_or_localization,high
Stardew Valley,スターデューバレー,スターデューバレー,igdb_alias_or_localization,high
Stellar Blade,Stellar Blade,stellarblade,csv_source,high
Stellar Blade,Project Eve,projecteve,igdb_alias_or_localization,high
Stellar Blade,劍星,劍星,igdb_alias_or_localization,high
Street Fighter 6,Street Fighter 6,streetfighter6,csv_source,medium
Street Fighter 6,SF6,sf6,igdb_alias_or_localization,medium
Street Fighter 6,SFVI,sfvi,igdb_alias_or_localization,medium
Street Fighter 6,Street Fighter VI,streetfightervi,igdb_alias_or_localization,medium
Street Fighter 6,스트리트 파이터 6,6,igdb_alias_or_localization,medium
Street Fighter 6,ストリートファイター6,ストリートファイター6,igdb_alias_or_localization,medium
Street Fighter II,Street Fighter II,streetfighterii,csv_source,medium
Street Fighter II,ストリートファイターⅡ,ストリートファイターii,igdb_alias_or_localization,medium
Street Fighter II,Street Fighter 2,streetfighter2,igdb_alias_or_localization,medium
Street Fighter II,SF2,sf2,igdb_alias_or_localization,medium
Street Fighter II,Street Fighter II: The World Warrior,streetfighteriitheworldwarrior,igdb_alias_or_localization,medium
Street Fighter III: 3rd Strike,Street Fighter III: 3rd Strike,streetfighteriii3rdstrike,csv_source,medium
Street Fighter III: 3rd Strike,Street Fighter III: 3rd Strike - Fight for the Future,streetfighteriii3rdstrikefightforthefuture,igdb_alias_or_localization,medium
Street Fighter III: 3rd Strike,Street Fighter III: Third Strike - Fight for the Future,streetfighteriiithirdstrikefightforthefuture,igdb_alias_or_localization,medium
Street Fighter III: 3rd Strike,Street Fighter 3: Third Strike,streetfighter3thirdstrike,igdb_alias_or_localization,medium
Street Fighter III: 3rd Strike,Street Fighter III: Third Strike - Online Edition,streetfighteriiithirdstrikeonlineedition,igdb_alias_or_localization,medium
Street Fighter III: 3rd Strike,Street Fighter III: Third Strike,streetfighteriiithirdstrike,igdb_alias_or_localization,medium
Street Fighter III: 3rd Strike,Street Fighter 3: 3rd Strike,streetfighter33rdstrike,igdb_alias_or_localization,medium
Street Fighter III: 3rd Strike,ストリートファイターⅢ サードストライク Fight for the future,ストリートファイターiiiサードストライクfightforthefuture,igdb_alias_or_localization,medium
Street Fighter IV,Street Fighter IV,streetfighteriv,csv_source,high
Street Fighter IV,Sutoriito Faitaa Fou,sutoriitofaitaafou,igdb_alias_or_localization,high
Street Fighter IV,Street Fighter IV HD,streetfighterivhd,igdb_alias_or_localization,high
Street Fighter IV,Street Fighter 4,streetfighter4,igdb_alias_or_localization,high
Street Fighter IV,SF4,sf4,igdb_alias_or_localization,high
Street Fighter IV,SFIV,sfiv,igdb_alias_or_localization,high
Street Fighter IV,ストリートファイター IV,ストリートファイターiv,igdb_alias_or_localization,high
Super Mario 3D World,Super Mario 3D World,supermario3dworld,csv_source,medium
Super Mario 3D World,SM3DW,sm3dw,igdb_alias_or_localization,medium
Super Mario 3D World,スーパーマリオ 3Dワールド,スーパーマリオ3dワールド,igdb_alias_or_localization,medium
Super Mario 3D World,슈퍼 마리오 3D 월드,3d,igdb_alias_or_localization,medium
Super Mario Bros.,Super Mario Bros.,supermariobros,csv_source,medium
Super Mario Bros.,SMB,smb,igdb_alias_or_localization,medium
Super Mario Bros.,SMB1,smb1,igdb_alias_or_localization,medium
Super Mario Bros.,Super Mario Brothers,supermariobrothers,igdb_alias_or_localization,medium
Super Mario Bros.,Super Mario Bros. NES,supermariobrosnes,igdb_alias_or_localization,medium
Super Mario Bros.,スーパーマリオブラザーズ,スーパーマリオブラザーズ,igdb_alias_or_localization,medium
Super Mario Bros. 3,Super Mario Bros. 3,supermariobros3,csv_source,medium
Super Mario Bros. 3,Mario 3,mario3,igdb_alias_or_localization,medium
Super Mario Bros. 3,マリオ3,マリオ3,igdb_alias_or_localization,medium
Super Mario Bros. 3,Super Mario Brothers 3,supermariobrothers3,igdb_alias_or_localization,medium
Super Mario Bros. 3,SMB3,smb3,igdb_alias_or_localization,medium
Super Mario Bros. 3,スーパーマリオブラザーズ3,スーパーマリオブラザーズ3,igdb_alias_or_localization,medium
Super Mario Bros.: The Lost Levels,Super Mario Bros. 2,supermariobros2,csv_source,medium
Super Mario Bros.: The Lost Levels,Super Mario Bros.: The Lost Levels,supermariobrosthelostlevels,logical_name,medium
Super Mario Bros.: The Lost Levels,Super Mario Brothers 2,supermariobrothers2,igdb_alias_or_localization,medium
Super Mario Bros.: The Lost Levels,Super Mario Bros. For Super Players,supermariobrosforsuperplayers,igdb_alias_or_localization,medium
Super Mario Bros.: The Lost Levels,SMB:TLL,smbtll,igdb_alias_or_localization,medium
Super Mario Bros.: The Lost Levels,スーパーマリオブラザーズ2,スーパーマリオブラザーズ2,igdb_alias_or_localization,medium
Super Mario Galaxy,Super Mario Galaxy,supermariogalaxy,csv_source,medium
Super Mario Galaxy,SMG,smg,igdb_alias_or_localization,medium
Super Mario Galaxy,Super Mario Wii Galaxy Adventure,supermariowiigalaxyadventure,igdb_alias_or_localization,medium
Super Mario Galaxy,超级马里奥银河,超级马里奥银河,igdb_alias_or_localization,medium
Super Mario Galaxy,Mario Galaxy,mariogalaxy,igdb_alias_or_localization,medium
Super Mario Galaxy,马力欧银河,马力欧银河,igdb_alias_or_localization,medium
Super Mario Galaxy,Chāojí Mǎlì'ōu Yínhé,chaojimaliouyinhe,igdb_alias_or_localization,medium
Super Mario Galaxy,Chāojí Mario Yínhé,chaojimarioyinhe,igdb_alias_or_localization,medium
Super Mario Galaxy,スーパーマリオギャラクシー,スーパーマリオギャラクシー,igdb_alias_or_localization,medium
Super Mario Galaxy 2,Super Mario Galaxy 2,supermariogalaxy2,csv_source,medium
Super Mario Galaxy 2,SMG2,smg2,igdb_alias_or_localization,medium
Super Mario Galaxy 2,Super Mario Wii 2,supermariowii2,igdb_alias_or_localization,medium
Super Mario Galaxy 2,Super Luigi Galaxy 2,superluigigalaxy2,igdb_alias_or_localization,medium
Super Mario Galaxy 2,Motto Super Mario Galaxy,mottosupermariogalaxy,igdb_alias_or_localization,medium
Super Mario Galaxy 2,Mario Galaxy 1.5,mariogalaxy15,igdb_alias_or_localization,medium
Super Mario Galaxy 2,Super Mario Wii 2: Galaxy Adventure Together,supermariowii2galaxyadventuretogether,igdb_alias_or_localization,medium
Super Mario Galaxy 2,슈퍼 마리오 Wii 2 갤럭시 어드벤처 투게더,wii2,igdb_alias_or_localization,medium
Super Mario Galaxy 2,スーパーマリオギャラクシー2,スーパーマリオギャラクシー2,igdb_alias_or_localization,medium
Super Mario Odyssey,Super Mario Odyssey,supermarioodyssey,csv_source,high
Super Mario Odyssey,超级马力欧奥德赛,超级马力欧奥德赛,igdb_alias_or_localization,high
Super Mario Odyssey,スーパーマリオ オデッセイ,スーパーマリオオデッセイ,igdb_alias_or_localization,high
Super Mario Sunshine,Super Mario Sunshine,supermariosunshine,csv_source,medium
Super Mario Sunshine,SMS,sms,igdb_alias_or_localization,medium
Super Mario Sunshine,Mario Sunshine,mariosunshine,igdb_alias_or_localization,medium
Super Mario Sunshine,スーパーマリオサンシャイン,スーパーマリオサンシャイン,igdb_alias_or_localization,medium
Super Mario World,Super Mario World,supermarioworld,csv_source,medium
Super Mario World,SMW,smw,igdb_alias_or_localization,medium
Super Mario World,マリオワールド,マリオワールド,igdb_alias_or_localization,medium
Super Mario World,超级马力欧世界,超级马力欧世界,igdb_alias_or_localization,medium
Super Mario World,Super Mario Bros. 4: Super Mario World,supermariobros4supermarioworld,igdb_alias_or_localization,medium
Super Mario World,スーパーマリオワールド,スーパーマリオワールド,igdb_alias_or_localization,medium
Super Smash Bros. Brawl,Super Smash Bros. Brawl,supersmashbrosbrawl,csv_source,medium
Super Smash Bros. Brawl,SSBB,ssbb,igdb_alias_or_localization,medium
Super Smash Bros. Brawl,Project Sora,projectsora,igdb_alias_or_localization,medium
Super Smash Bros. Brawl,Dairantou Smash Brothers X,dairantousmashbrothersx,igdb_alias_or_localization,medium
Super Smash Bros. Brawl,Great Melee Smash Brothers X,greatmeleesmashbrothersx,igdb_alias_or_localization,medium
Super Smash Bros. Brawl,大乱闘スマッシュブラザーズX,大乱闘スマッシュブラザーズx,igdb_alias_or_localization,medium
Super Smash Bros. Melee,Super Smash Bros. Melee,supersmashbrosmelee,csv_source,high
Super Smash Bros. Melee,Melee,melee,igdb_alias_or_localization,high
Super Smash Bros. Melee,Great Fray Smash Brothers Deluxe,greatfraysmashbrothersdeluxe,igdb_alias_or_localization,high
Super Smash Bros. Melee,Dairantou Smash Brothers DX,dairantousmashbrothersdx,igdb_alias_or_localization,high
Super Smash Bros. Melee,SSBM,ssbm,igdb_alias_or_localization,high
Super Smash Bros. Melee,Dairantou Smash Brothers Deluxe,dairantousmashbrothersdeluxe,igdb_alias_or_localization,high
Super Smash Bros. Melee,大乱闘スマッシュブラザーズDX,大乱闘スマッシュブラザーズdx,igdb_alias_or_localization,high
Super Smash Bros. Melee,대난투 스매시브라더스 DX,dx,igdb_alias_or_localization,high
Super Smash Bros. Ultimate,Super Smash Bros. Ultimate,supersmashbrosultimate,csv_source,high
Super Smash Bros. Ultimate,Super Smash Bros Switch,supersmashbrosswitch,igdb_alias_or_localization,high
Super Smash Bros. Ultimate,SSBU,ssbu,igdb_alias_or_localization,high
Super Smash Bros. Ultimate,SSB18,ssb18,igdb_alias_or_localization,high
Super Smash Bros. Ultimate,Smash Ultimate,smashultimate,igdb_alias_or_localization,high
Super Smash Bros. Ultimate,Smash Bros 2018,smashbros2018,igdb_alias_or_localization,high
Super Smash Bros. Ultimate,SSB Ultimate,ssbultimate,igdb_alias_or_localization,high
Super Smash Bros. Ultimate,Dairantou Smash Bros. Special,dairantousmashbrosspecial,igdb_alias_or_localization,high
Super Smash Bros. Ultimate,大乱闘スマッシュブラザーズ SPECIAL,大乱闘スマッシュブラザーズspecial,igdb_alias_or_localization,high
Super Smash Bros. Ultimate,Smash 5,smash5,igdb_alias_or_localization,high
Taiko no Tatsujin: Niji-iro Version,Taiko no Tatsujin,taikonotatsujin,csv_source,high
Taiko no Tatsujin: Niji-iro Version,Taiko no Tatsujin: Niji-iro Version,taikonotatsujinnijiiroversion,logical_name,high
Taiko no Tatsujin: Niji-iro Version,Taiko no Tatsujin (2020),taikonotatsujin2020,igdb_alias_or_localization,high
Taiko no Tatsujin: Niji-iro Version,太鼓の達人 ニジイロVer.,太鼓の達人ニジイロver,igdb_alias_or_localization,high
Tales of Arise,Tales of Arise,talesofarise,csv_source,high
Tales of Arise,破曉傳奇,破曉傳奇,igdb_alias_or_localization,high
Tales of Arise,破晓传奇,破晓传奇,igdb_alias_or_localization,high
Tales of Arise,テイルズ オブ アライズ,テイルズオブアライズ,igdb_alias_or_localization,high
Tales of Berseria,Tales of Berseria,talesofberseria,csv_source,high
Tales of Berseria,テイルズ オブ ベルセリア,テイルズオブベルセリア,igdb_alias_or_localization,high
Tales of Phantasia,Tales of Phantasia,talesofphantasia,csv_source,medium
Tales of Phantasia,Teiruzu obu Fantajia,teiruzuobufantajia,igdb_alias_or_localization,medium
Tales of Phantasia,テイルズ オブ ファンタジア,テイルズオブファンタジア,igdb_alias_or_localization,medium
Tales of Symphonia,Tales of Symphonia,talesofsymphonia,csv_source,medium
Tales of Symphonia,ToS,tos,igdb_alias_or_localization,medium
Tales of Symphonia,仙乐传说,仙乐传说,igdb_alias_or_localization,medium
Tales of Symphonia,テイルズ オブ シンフォニア,テイルズオブシンフォニア,igdb_alias_or_localization,medium
Tales of the Abyss,Tales of the Abyss,talesoftheabyss,csv_source,medium
Tales of the Abyss,TOA,toa,igdb_alias_or_localization,medium
Tales of the Abyss,テイルズ オブ ジ アビス,テイルズオブジアビス,igdb_alias_or_localization,medium
Tales of Vesperia,Tales of Vesperia,talesofvesperia,csv_source,medium
Tales of Vesperia,テイルズ オブ ヴェスペリア,テイルズオブヴェスペリア,igdb_alias_or_localization,medium
Tekken 3,Tekken 3,tekken3,csv_source,medium
Tekken 3,鉄拳3,鉄拳3,igdb_alias_or_localization,medium
Tekken 5,Tekken 5,tekken5,csv_source,medium
Tekken 5,鉄拳5,鉄拳5,igdb_alias_or_localization,medium
Tekken 7,Tekken 7,tekken7,csv_source,medium
Tekken 7,鉄拳7,鉄拳7,igdb_alias_or_localization,medium
Tekken 8,Tekken 8,tekken8,csv_source,high
Tekken 8,鐵拳8,鐵拳8,igdb_alias_or_localization,high
Tekken 8,铁拳8,铁拳8,igdb_alias_or_localization,high
Tekken 8,TEKKEN 8.exe,tekken8exe,igdb_alias_or_localization,high
Tekken 8,鉄拳8,鉄拳8,igdb_alias_or_localization,high
Terraria,Terraria,terraria,csv_source,high
Terraria,Terraria.exe,terrariaexe,igdb_alias_or_localization,high
Terraria,テラリア,テラリア,igdb_alias_or_localization,high
The Elder Scrolls IV: Oblivion,The Elder Scrolls IV: Oblivion,theelderscrollsivoblivion,csv_source,high
The Elder Scrolls IV: Oblivion,TESIV,tesiv,igdb_alias_or_localization,high
The Elder Scrolls IV: Oblivion,Elder Scrolls 4,elderscrolls4,igdb_alias_or_localization,high
The Elder Scrolls IV: Oblivion,TES4,tes4,igdb_alias_or_localization,high
The Elder Scrolls IV: Oblivion,TES Oblivion,tesoblivion,igdb_alias_or_localization,high
The Elder Scrolls IV: Oblivion,Oblivion,oblivion,igdb_alias_or_localization,high
The Elder Scrolls V: Skyrim,The Elder Scrolls V: Skyrim,theelderscrollsvskyrim,csv_source,medium
The Elder Scrolls V: Skyrim,TES5,tes5,igdb_alias_or_localization,medium
The Elder Scrolls V: Skyrim,The Elder Scrolls 5: Skyrim,theelderscrolls5skyrim,igdb_alias_or_localization,medium
The Elder Scrolls V: Skyrim,Skyrim,skyrim,igdb_alias_or_localization,medium
The Elder Scrolls V: Skyrim,TESV: Skyrim,tesvskyrim,igdb_alias_or_localization,medium
The Elder Scrolls V: Skyrim,TES Skyrim,tesskyrim,igdb_alias_or_localization,medium
The Idolmaster,The Idolmaster,theidolmaster,csv_source,medium
The Idolmaster,THE iDOLM@STER,theidolmster,igdb_alias_or_localization,medium
The Idolmaster,アイドルマスター,アイドルマスター,igdb_alias_or_localization,medium
The Idolmaster: Cinderella Girls,THE IDOLM@STER CINDERELLA GIRLS,theidolmstercinderellagirls,csv_source,high
The Idolmaster: Cinderella Girls,The Idolmaster: Cinderella Girls,theidolmastercinderellagirls,logical_name,high
The Idolmaster: Cinderella Girls,アイドルマスター シンデレラガールズ,アイドルマスターシンデレラガールズ,igdb_alias_or_localization,high
The Last of Us,The Last of Us,thelastofus,csv_source,high
The Last of Us,TLoU,tlou,igdb_alias_or_localization,high
The Last of Us,The Last of Us™ Remastered,thelastofustmremastered,igdb_alias_or_localization,high
The Last of Us Part II,The Last of Us Part II,thelastofuspartii,csv_source,high
The Last of Us Part II,The Last of Us 2,thelastofus2,igdb_alias_or_localization,high
The Last of Us Part II,The Last of Us Part 2,thelastofuspart2,igdb_alias_or_localization,high
The Last of Us Part II,TLoU Part II,tloupartii,igdb_alias_or_localization,high
The Last of Us Part II,TLoU Part 2,tloupart2,igdb_alias_or_localization,high
The Last of Us Part II,TLoU II,tlouii,igdb_alias_or_localization,high
The Last of Us Part II,TLoU 2,tlou2,igdb_alias_or_localization,high
The Last of Us Part II,ラスト オブ アス パート 2,ラストオブアスパート2,igdb_alias_or_localization,high
The Legend of Heroes: Trails in the Sky SC,Trails in the Sky SC,trailsintheskysc,csv_source,high
The Legend of Heroes: Trails in the Sky SC,The Legend of Heroes: Trails in the Sky SC,thelegendofheroestrailsintheskysc,logical_name,high
The Legend of Heroes: Trails in the Sky SC,Eiyuu Densetsu: Sora no Kiseki SC,eiyuudensetsusoranokisekisc,igdb_alias_or_localization,high
The Legend of Heroes: Trails in the Sky SC,The Legend of Heroes: Sora no Kiseki SC,thelegendofheroessoranokisekisc,igdb_alias_or_localization,high
The Legend of Heroes: Trails in the Sky SC,The Legend of Heroes: Trails in the Sky Second Chapter,thelegendofheroestrailsintheskysecondchapter,igdb_alias_or_localization,high
The Legend of Heroes: Trails in the Sky SC,Eiyuu Densetsu VI: Sora no Kiseki SC,eiyuudensetsuvisoranokisekisc,igdb_alias_or_localization,high
The Legend of Heroes: Trails in the Sky SC,The Legend of Heroes VI: Trails in the Sky SC,thelegendofheroesvitrailsintheskysc,igdb_alias_or_localization,high
The Legend of Heroes: Trails in the Sky SC,Sky SC,skysc,igdb_alias_or_localization,high
The Legend of Heroes: Trails in the Sky SC,英雄传说 空之轨迹 SC,英雄传说空之轨迹sc,igdb_alias_or_localization,high
The Legend of Heroes: Trails in the Sky SC,英雄伝説 空の軌跡 SC,英雄伝説空の軌跡sc,igdb_alias_or_localization,high
The Legend of Heroes: Trails in the Sky SC,영웅전설: 하늘의 궤적 SC,sc,igdb_alias_or_localization,high
The Legend of Heroes: Trails of Cold Steel,Trails of Cold Steel,trailsofcoldsteel,csv_source,high
The Legend of Heroes: Trails of Cold Steel,The Legend of Heroes: Trails of Cold Steel,thelegendofheroestrailsofcoldsteel,logical_name,high
The Legend of Heroes: Trails of Cold Steel,The Legend of Heroes: Trails in the Flash,thelegendofheroestrailsintheflash,igdb_alias_or_localization,high
The Legend of Heroes: Trails of Cold Steel,The Legend of Heroes: Sen no Kiseki,thelegendofheroessennokiseki,igdb_alias_or_localization,high
The Legend of Heroes: Trails of Cold Steel,Eiyū Densetsu: Sen no Kiseki,eiyudensetsusennokiseki,igdb_alias_or_localization,high
The Legend of Heroes: Trails of Cold Steel,Eiyuu Densetsu: Sen no Kiseki,eiyuudensetsusennokiseki,igdb_alias_or_localization,high
The Legend of Heroes: Trails of Cold Steel,英雄伝説 閃の軌跡,英雄伝説閃の軌跡,igdb_alias_or_localization,high
The Legend of Heroes: Trails of Cold Steel III,Trails of Cold Steel III,trailsofcoldsteeliii,csv_source,high
The Legend of Heroes: Trails of Cold Steel III,The Legend of Heroes: Trails of Cold Steel III,thelegendofheroestrailsofcoldsteeliii,logical_name,high
The Legend of Heroes: Trails of Cold Steel III,CS3,cs3,igdb_alias_or_localization,high
The Legend of Heroes: Trails of Cold Steel III,Eiyuu Densetsu: Sen no Kiseki III,eiyuudensetsusennokisekiiii,igdb_alias_or_localization,high
The Legend of Heroes: Trails of Cold Steel III,The Legend of Heroes: Trails of Cold Steel 3,thelegendofheroestrailsofcoldsteel3,igdb_alias_or_localization,high
The Legend of Heroes: Trails of Cold Steel III,THE LEGEND OF HEROES: 閃の軌跡Ⅲ,thelegendofheroes閃の軌跡iii,igdb_alias_or_localization,high
The Legend of Heroes: Trails of Cold Steel III,영웅전설 섬의 궤적 III,iii,igdb_alias_or_localization,high
The Legend of Heroes: Trails of Cold Steel III,英雄伝説 閃の軌跡 Ⅲ,英雄伝説閃の軌跡iii,igdb_alias_or_localization,high
The Legend of Zelda,The Legend of Zelda,thelegendofzelda,csv_source,high
The Legend of Zelda,The Hyrule Fantasy: Legend of Zelda,thehyrulefantasylegendofzelda,igdb_alias_or_localization,high
The Legend of Zelda,Zelda no Densetsu: The Hyrule Fantasy,zeldanodensetsuthehyrulefantasy,igdb_alias_or_localization,high
The Legend of Zelda,LoZ,loz,igdb_alias_or_localization,high
The Legend of Zelda,TLoZ,tloz,igdb_alias_or_localization,high
The Legend of Zelda,Zelda no Densetsu 1: The Hyrule Fantasy,zeldanodensetsu1thehyrulefantasy,igdb_alias_or_localization,high
The Legend of Zelda,Zelda no Densetsu,zeldanodensetsu,igdb_alias_or_localization,high
The Legend of Zelda,A lenda de Zelda,alendadezelda,igdb_alias_or_localization,high
The Legend of Zelda,ゼルダの伝説,ゼルダの伝説,igdb_alias_or_localization,high
The Legend of Zelda: A Link to the Past,The Legend of Zelda: A Link to the Past,thelegendofzeldaalinktothepast,csv_source,medium
The Legend of Zelda: A Link to the Past,Zelda no Densetsu: Kamigami no Triforce,zeldanodensetsukamigaminotriforce,igdb_alias_or_localization,medium
The Legend of Zelda: A Link to the Past,Zelda III,zeldaiii,igdb_alias_or_localization,medium
The Legend of Zelda: A Link to the Past,TLoZ: ALttP,tlozalttp,igdb_alias_or_localization,medium
The Legend of Zelda: A Link to the Past,LTTP,lttp,igdb_alias_or_localization,medium
The Legend of Zelda: A Link to the Past,塞尔达传说 - 众神的三角力量,塞尔达传说众神的三角力量,igdb_alias_or_localization,medium
The Legend of Zelda: A Link to the Past,Zelda 3,zelda3,igdb_alias_or_localization,medium
The Legend of Zelda: A Link to the Past,A lenda de Zelda: um elo com o passado,alendadezeldaumelocomopassado,igdb_alias_or_localization,medium
The Legend of Zelda: A Link to the Past,ゼルダの伝説 神々のトライフォース,ゼルダの伝説神のトライフォース,igdb_alias_or_localization,medium
The Legend of Zelda: Breath of the Wild,The Legend of Zelda: Breath of the Wild,thelegendofzeldabreathofthewild,csv_source,high
The Legend of Zelda: Breath of the Wild,TLoZ BotW,tlozbotw,igdb_alias_or_localization,high
The Legend of Zelda: Breath of the Wild,BotW,botw,igdb_alias_or_localization,high
The Legend of Zelda: Breath of the Wild,Breath of the Wild,breathofthewild,igdb_alias_or_localization,high
The Legend of Zelda: Breath of the Wild,薩爾達傳說：曠野之息,薩爾達傳說曠野之息,igdb_alias_or_localization,high
The Legend of Zelda: Breath of the Wild,塞尔达传说 旷野之息,塞尔达传说旷野之息,igdb_alias_or_localization,high
The Legend of Zelda: Breath of the Wild,ゼルダの伝説 ブレス オブ ザ ワイルド,ゼルダの伝説ブレスオブザワイルド,igdb_alias_or_localization,high
The Legend of Zelda: Majora's Mask,The Legend of Zelda: Majora's Mask,thelegendofzeldamajorasmask,csv_source,high
The Legend of Zelda: Majora's Mask,Zelda no Densetsu: Majora no Kamen,zeldanodensetsumajoranokamen,igdb_alias_or_localization,high
The Legend of Zelda: Majora's Mask,Majora's Mask,majorasmask,igdb_alias_or_localization,high
The Legend of Zelda: Majora's Mask,TLoZ: MM,tlozmm,igdb_alias_or_localization,high
The Legend of Zelda: Majora's Mask,LoZ: MM,lozmm,igdb_alias_or_localization,high
The Legend of Zelda: Majora's Mask,Zelda Gaiden,zeldagaiden,igdb_alias_or_localization,high
The Legend of Zelda: Majora's Mask,ゼルダの伝説 外伝,ゼルダの伝説外伝,igdb_alias_or_localization,high
The Legend of Zelda: Majora's Mask,塞尔达传说-魔力面具,塞尔达传说魔力面具,igdb_alias_or_localization,high
The Legend of Zelda: Majora's Mask,ゼルダの伝説 ムジュラの仮面,ゼルダの伝説ムジュラの仮面,igdb_alias_or_localization,high
The Legend of Zelda: Ocarina of Time,The Legend of Zelda: Ocarina of Time,thelegendofzeldaocarinaoftime,csv_source,medium
The Legend of Zelda: Ocarina of Time,TLoZ: OoT,tlozoot,igdb_alias_or_localization,medium
The Legend of Zelda: Ocarina of Time,Zelda Chuanshuo Shiguang Zhi Di,zeldachuanshuoshiguangzhidi,igdb_alias_or_localization,medium
The Legend of Zelda: Ocarina of Time,OoT,oot,igdb_alias_or_localization,medium
The Legend of Zelda: Ocarina of Time,Ocarina of Time,ocarinaoftime,igdb_alias_or_localization,medium
The Legend of Zelda: Ocarina of Time,Toki no Ocarina,tokinoocarina,igdb_alias_or_localization,medium
The Legend of Zelda: Ocarina of Time,塞尔达传说: 时之笛,塞尔达传说时之笛,igdb_alias_or_localization,medium
The Legend of Zelda: Ocarina of Time,Zelda no Densetsu: Toki no Ocarina,zeldanodensetsutokinoocarina,igdb_alias_or_localization,medium
The Legend of Zelda: Ocarina of Time,TLoZ: Ocarina of Time,tlozocarinaoftime,igdb_alias_or_localization,medium
The Legend of Zelda: Ocarina of Time,塞尔达传说 时光之笛,塞尔达传说时光之笛,igdb_alias_or_localization,medium
The Legend of Zelda: Ocarina of Time,Zelda 64,zelda64,igdb_alias_or_localization,medium
The Legend of Zelda: Ocarina of Time,ゼルダの伝説 時のオカリナ,ゼルダの伝説時のオカリナ,igdb_alias_or_localization,medium
The Legend of Zelda: Skyward Sword,The Legend of Zelda: Skyward Sword,thelegendofzeldaskywardsword,csv_source,high
The Legend of Zelda: Skyward Sword,塞尔达传说：天空之剑,塞尔达传说天空之剑,igdb_alias_or_localization,high
The Legend of Zelda: Skyward Sword,Zelda no Densetsu: Skyward Sword ,zeldanodensetsuskywardsword,igdb_alias_or_localization,high
The Legend of Zelda: Skyward Sword,ゼルダの伝説 スカイウォードソード,ゼルダの伝説スカイウォードソード,igdb_alias_or_localization,high
The Legend of Zelda: Tears of the Kingdom,The Legend of Zelda: Tears of the Kingdom,thelegendofzeldatearsofthekingdom,csv_source,high
The Legend of Zelda: Tears of the Kingdom,TotK,totk,igdb_alias_or_localization,high
The Legend of Zelda: Tears of the Kingdom,TLoZ TotK,tloztotk,igdb_alias_or_localization,high
The Legend of Zelda: Tears of the Kingdom,薩爾達傳說：王國之淚,薩爾達傳說王國之淚,igdb_alias_or_localization,high
The Legend of Zelda: Tears of the Kingdom,塞尔达传说：王国之泪,塞尔达传说王国之泪,igdb_alias_or_localization,high
The Legend of Zelda: Tears of the Kingdom,Tears of the Kingdom,tearsofthekingdom,igdb_alias_or_localization,high
The Legend of Zelda: Tears of the Kingdom,Zelda: Tears of the Kingdom,zeldatearsofthekingdom,igdb_alias_or_localization,high
The Legend of Zelda: Tears of the Kingdom,ゼルダの伝説 ティアーズ オブ ザ キングダム,ゼルダの伝説ティアーズオブザキングダム,igdb_alias_or_localization,high
The Legend of Zelda: The Wind Waker,The Legend of Zelda: The Wind Waker,thelegendofzeldathewindwaker,csv_source,high
The Legend of Zelda: The Wind Waker,Zelda no Densetsu: Kaze no Takuto,zeldanodensetsukazenotakuto,igdb_alias_or_localization,high
The Legend of Zelda: The Wind Waker,Wind Waker,windwaker,igdb_alias_or_localization,high
The Legend of Zelda: The Wind Waker,塞尔达传说：风之杖,塞尔达传说风之杖,igdb_alias_or_localization,high
The Legend of Zelda: The Wind Waker,TWW,tww,igdb_alias_or_localization,high
The Legend of Zelda: The Wind Waker,萨尔达传说：风之律动,萨尔达传说风之律动,igdb_alias_or_localization,high
The Legend of Zelda: The Wind Waker,TLoZ: TWW,tloztww,igdb_alias_or_localization,high
The Legend of Zelda: The Wind Waker,ゼルダの伝説 風のタクト,ゼルダの伝説風のタクト,igdb_alias_or_localization,high
The Legend of Zelda: Twilight Princess,The Legend of Zelda: Twilight Princess,thelegendofzeldatwilightprincess,csv_source,medium
The Legend of Zelda: Twilight Princess,The Legend of Zelda: The Wind Waker 2,thelegendofzeldathewindwaker2,igdb_alias_or_localization,medium
The Legend of Zelda: Twilight Princess,LoZ: TP,loztp,igdb_alias_or_localization,medium
The Legend of Zelda: Twilight Princess,塞尔达传说: 黄昏公主,塞尔达传说黄昏公主,igdb_alias_or_localization,medium
The Legend of Zelda: Twilight Princess,Zelda no Densetsu: Twilight Princess,zeldanodensetsutwilightprincess,igdb_alias_or_localization,medium
The Legend of Zelda: Twilight Princess,ゼルダの伝説 トワイライトプリンセス,ゼルダの伝説トワイライトプリンセス,igdb_alias_or_localization,medium
The Witcher 3: Wild Hunt,The Witcher 3: Wild Hunt,thewitcher3wildhunt,csv_source,high
The Witcher 3: Wild Hunt,Witcher III,witcheriii,igdb_alias_or_localization,high
The Witcher 3: Wild Hunt,Wiedźmin 3: Dziki Gon,wiedzmin3dzikigon,igdb_alias_or_localization,high
The Witcher 3: Wild Hunt,巫师3：狂猎,巫师3狂猎,igdb_alias_or_localization,high
The Witcher 3: Wild Hunt,The Witcher III: Wild Hunt,thewitcheriiiwildhunt,igdb_alias_or_localization,high
The Witcher 3: Wild Hunt,Witcher 3,witcher3,igdb_alias_or_localization,high
The Witcher 3: Wild Hunt,TW3,tw3,igdb_alias_or_localization,high
The Witcher 3: Wild Hunt,巫師3：狂獵,巫師3狂獵,igdb_alias_or_localization,high
The Witcher 3: Wild Hunt,redprelauncher.exe,redprelauncherexe,igdb_alias_or_localization,high
The Witcher 3: Wild Hunt,Zaklínač 3: Divoký hon,zaklinac3divokyhon,igdb_alias_or_localization,high
The Witcher 3: Wild Hunt,ウィッチャー３　ワイルドハント,ウィッチャー3ワイルドハント,igdb_alias_or_localization,high
The World Ends with You,The World Ends with You,theworldendswithyou,csv_source,high
The World Ends with You,TWEWY,twewy,igdb_alias_or_localization,high
The World Ends with You,Subarashiki Kono Sekai,subarashikikonosekai,igdb_alias_or_localization,high
The World Ends with You,It's a Wonderful World,itsawonderfulworld,igdb_alias_or_localization,high
The World Ends with You,すばらしきこのせかい,すばらしきこのせかい,igdb_alias_or_localization,high
Trials of Mana (1995),Trials of Mana,trialsofmana,csv_source,high
Trials of Mana (1995),Trials of Mana (1995),trialsofmana1995,logical_name,high
Trials of Mana (1995),Seiken Densetsu 3,seikendensetsu3,igdb_alias_or_localization,high
Trials of Mana (1995),The Legend of the Sacred Sword 3,thelegendofthesacredsword3,igdb_alias_or_localization,high
Trials of Mana (1995),Secret of Mana 2,secretofmana2,igdb_alias_or_localization,high
Trials of Mana (1995),聖剣伝説 3,聖剣伝説3,igdb_alias_or_localization,high
Triangle Strategy,Triangle Strategy,trianglestrategy,csv_source,medium
Triangle Strategy,Project Triangle Strategy,projecttrianglestrategy,igdb_alias_or_localization,medium
Triangle Strategy,トライアングルストラテジー,トライアングルストラテジー,igdb_alias_or_localization,medium
Ultrakill,ULTRAKILL,ultrakill,csv_source,high
Ultrakill,ULTRAKILL.exe,ultrakillexe,igdb_alias_or_localization,high
Uma Musume: Pretty Derby,Uma Musume: Pretty Derby,umamusumeprettyderby,csv_source,low
Undertale,Undertale,undertale,csv_source,high
Undertale,UT,ut,igdb_alias_or_localization,high
Undertale,UNDERTALE.exe,undertaleexe,igdb_alias_or_localization,high
Undertale,アンダーテール,アンダーテール,igdb_alias_or_localization,high
Wuthering Waves,Wuthering Waves,wutheringwaves,csv_source,high
Wuthering Waves,鸣潮,鸣潮,igdb_alias_or_localization,high
Wuthering Waves,WuWa,wuwa,igdb_alias_or_localization,high
Wuthering Waves,鳴潮,鳴潮,igdb_alias_or_localization,high
Wuthering Waves,Wuthering Waves.exe,wutheringwavesexe,igdb_alias_or_localization,high
Xenoblade Chronicles,Xenoblade Chronicles,xenobladechronicles,csv_source,high
Xenoblade Chronicles,Monado:  Beginning of the World,monadobeginningoftheworld,igdb_alias_or_localization,high
Xenoblade Chronicles,Xenoblade,xenoblade,igdb_alias_or_localization,high
Xenoblade Chronicles,ゼノブレイド,ゼノブレイド,igdb_alias_or_localization,high
Xenoblade Chronicles 2,Xenoblade Chronicles 2,xenobladechronicles2,csv_source,high
Xenoblade Chronicles 2,Xenoblade 2,xenoblade2,igdb_alias_or_localization,high
Xenoblade Chronicles 2,XC2,xc2,igdb_alias_or_localization,high
Xenoblade Chronicles 2,ゼノブレイド2,ゼノブレイド2,igdb_alias_or_localization,high
Xenoblade Chronicles 3,Xenoblade Chronicles 3,xenobladechronicles3,csv_source,high
Xenoblade Chronicles 3,Xenoblade 3,xenoblade3,igdb_alias_or_localization,high
Xenoblade Chronicles 3,XC3,xc3,igdb_alias_or_localization,high
Xenoblade Chronicles 3,异度神剑3,异度神剑3,igdb_alias_or_localization,high
Xenoblade Chronicles 3,異度神劍3,異度神劍3,igdb_alias_or_localization,high
Xenoblade Chronicles 3,ゼノブレイド 3,ゼノブレイド3,igdb_alias_or_localization,high
Xenoblade Chronicles X,Xenoblade Chronicles X,xenobladechroniclesx,csv_source,high
Xenoblade Chronicles X,Xenoblade Cross,xenobladecross,igdb_alias_or_localization,high
Xenoblade Chronicles X,XenobladeX,xenobladex,igdb_alias_or_localization,high
Xenoblade Chronicles X,ゼノブレイドクロス,ゼノブレイドクロス,igdb_alias_or_localization,high
Yakuza 0,Like a Dragon 0,likeadragon0,csv_source,high
Yakuza 0,Yakuza 0,yakuza0,logical_name,high
Yakuza 0,Y0,y0,igdb_alias_or_localization,high
Yakuza 0,Yakuza Zero,yakuzazero,igdb_alias_or_localization,high
Yakuza 0,Yakuza0.exe,yakuza0exe,igdb_alias_or_localization,high
Yakuza 0,Ryu ga Gotoku 0: Chikai no Basho,ryugagotoku0chikainobasho,igdb_alias_or_localization,high
Yakuza 0,Like a Dragon 0: The Place of Oath,likeadragon0theplaceofoath,igdb_alias_or_localization,high
Yakuza 0,龍が如く0 誓いの場所,龍が如く0誓いの場所,igdb_alias_or_localization,high
Yakuza 0,용과 같이 0 맹세의 장소,0,igdb_alias_or_localization,high
Yakuza 5,Yakuza 5,yakuza5,csv_source,high
Yakuza 5,"Ryuu ga Gotoku 5: Yume, Kanaeshi Mono",ryuugagotoku5yumekanaeshimono,igdb_alias_or_localization,high
Yakuza 5,龍が如く5 夢、叶えし者,龍が如く5夢叶えし者,igdb_alias_or_localization,high
Yakuza 6: The Song of Life,Yakuza 6: The Song of Life,yakuza6thesongoflife,csv_source,high
Yakuza 6: The Song of Life,Y6,y6,igdb_alias_or_localization,high
Yakuza 6: The Song of Life,Ryuu ga Gotoku 6: Inochi no Uta.,ryuugagotoku6inochinouta,igdb_alias_or_localization,high
Yakuza 6: The Song of Life,Yakuza 6,yakuza6,igdb_alias_or_localization,high
Yakuza 6: The Song of Life,人中之龙 6 生命诗篇。,人中之龙6生命诗篇,igdb_alias_or_localization,high
Yakuza 6: The Song of Life,人中之龍 6 生命詩篇。,人中之龍6生命詩篇,igdb_alias_or_localization,high
Yakuza 6: The Song of Life,龍が如く6 命の詩。,龍が如く6命の詩,igdb_alias_or_localization,high
Yakuza Kiwami,Yakuza Kiwami,yakuzakiwami,csv_source,high
Yakuza Kiwami,YK1,yk1,igdb_alias_or_localization,high
Yakuza Kiwami,人中之龙 极,人中之龙极,igdb_alias_or_localization,high
Yakuza Kiwami,人中之龍 極,人中之龍極,igdb_alias_or_localization,high
Yakuza Kiwami,YakuzaKiwami.exe,yakuzakiwamiexe,igdb_alias_or_localization,high
Yakuza Kiwami,Ryu ga Gotoku Kiwami,ryugagotokukiwami,igdb_alias_or_localization,high
Yakuza Kiwami, 龍が如く 極,龍が如く極,igdb_alias_or_localization,high
Yakuza Kiwami,Like a Dragon Extreme,likeadragonextreme,igdb_alias_or_localization,high
Yakuza: Like a Dragon,Yakuza: Like a Dragon,yakuzalikeadragon,csv_source,high
Yakuza: Like a Dragon,Yakuza 7,yakuza7,igdb_alias_or_localization,high
Yakuza: Like a Dragon,Y7,y7,igdb_alias_or_localization,high
Yakuza: Like a Dragon,startup.exe,startupexe,igdb_alias_or_localization,high
Yakuza: Like a Dragon,人中之龙 7 光与暗的去向,人中之龙7光与暗的去向,igdb_alias_or_localization,high
Yakuza: Like a Dragon,人中之龍 7 光與闇的去向,人中之龍7光與闇的去向,igdb_alias_or_localization,high
Yakuza: Like a Dragon,Ryu ga Gotoku 7: Hikari to Yami no Yukue,ryugagotoku7hikaritoyaminoyukue,igdb_alias_or_localization,high
Yakuza: Like a Dragon,Yakuza 7: Like A Dragon,yakuza7likeadragon,igdb_alias_or_localization,high
Yakuza: Like a Dragon,Like a Dragon 7: Whereabouts of Light and Darkness,likeadragon7whereaboutsoflightanddarkness,igdb_alias_or_localization,high
Yakuza: Like a Dragon,龍が如く７　光と闇の行方,龍が如く7光と闇の行方,igdb_alias_or_localization,high
Ys IX: Monstrum Nox,Ys IX: Monstrum Nox,ysixmonstrumnox,csv_source,high
Ys IX: Monstrum Nox,Ys IX,ysix,igdb_alias_or_localization,high
Ys IX: Monstrum Nox,Ys 9: Monstrum Nox,ys9monstrumnox,igdb_alias_or_localization,high
Ys IX: Monstrum Nox,ys9.exe,ys9exe,igdb_alias_or_localization,high
Ys IX: Monstrum Nox,イース IX: Monstrum Nox,イースixmonstrumnox,igdb_alias_or_localization,high
Ys VIII: Lacrimosa of Dana,Ys VIII: Lacrimosa of Dana,ysviiilacrimosaofdana,csv_source,high
Ys VIII: Lacrimosa of Dana,Ys 8,ys8,igdb_alias_or_localization,high
Ys VIII: Lacrimosa of Dana,ys8.exe,ys8exe,igdb_alias_or_localization,high
Ys VIII: Lacrimosa of Dana,イースVIII Lacrimosa of Dana,イースviiilacrimosaofdana,igdb_alias_or_localization,high
Ys X: Nordics,Ys X: Nordics,ysxnordics,csv_source,high
Ys X: Nordics,Ys X,ysx,igdb_alias_or_localization,high
Ys X: Nordics,伊蘇X -北境歷險-,伊蘇x北境歷險,igdb_alias_or_localization,high
Ys X: Nordics,イース X：ノーディクス,イースxノーディクス,igdb_alias_or_localization,high
Zenless Zone Zero,Zenless Zone Zero,zenlesszonezero,csv_source,high
Zenless Zone Zero,ZZZ,zzz,igdb_alias_or_localization,high
Zenless Zone Zero,絕區零,絕區零,igdb_alias_or_localization,high
Zenless Zone Zero,绝区零,绝区零,igdb_alias_or_localization,high
Zenless Zone Zero,Perilous Zone Zero,perilouszonezero,igdb_alias_or_localization,high
Zenless Zone Zero,HYP.exe,hypexe,igdb_alias_or_localization,high
Zenless Zone Zero,ゼンレスゾーンゼロ,ゼンレスゾーンゼロ,igdb_alias_or_localization,high
